wdi_gdp_pcap,wdi_total_pop,wdi_unemployment,wdi_gdp_growth,wdi_resource_rents,wdi_oil_rents,wdi_life_expectancy,e_regionpol_6C,v2cltrnslw,country_text_id,v2xme_altinf,v2clacfree,v2clkill,v2clrspct,v2clfmove,v2clprptyw,v2svdomaut,v2xnp_regcorr,v2xpe_exlsocgr,v2csrlgrep,v2meharjrn,v2pepwrsoc,v2dlencmps,v2xel_frefair,v2elsnlsff,v2xdl_delib,v2xeg_eqdr,v2clpolcl,v2peedueq,v2peasbgen,v2smpolsoc,v2xpe_exlgender,v2clsocgrp,v2xpe_exlecon,v2cacamps,v2caassemb,v2caautmob,v2castate,v2csantimv,v2lginvstp,v2xcl_disc,v2elsuffrage,v2x_delibdem,v2xcl_rol,v2x_egaldem,v2x_elecreg,v2exrescon,v2elrsthos,v2svindep,v2x_pubcorr,v2x_execorr,v2elprescons,v2elprescumul,v2x_clphy,v2x_accountability,v2xcl_prpty,v2x_regime,v2xex_elecreg,v2x_mpi,v2strenarm,v2ex_hosw,v2peapssoc,e_regionpol,v2clacjust,v2clrelig,v2smorgviol,v2x_ex_hereditary,v2x_ex_military,v2x_ex_party,v2x_ex_direlect,v2x_ex_confidence,v2xpe_exlpol,v2meslfcen,v2x_clpriv,v2peasbegeo,v2regdur,v2x_libdem,v2cltort,v2csreprss,v2exagehos,v2xcl_dmove,v2xcl_slave,v2ellocgov,v2xcl_acjst,v2x_liberal,v2expathhs,v2x_egal,v2xlg_elecreg,cname,year,any_attacks,number_attacks_last_year
529.144912477888,38972230,11.71,-2.3511006734461,0.305978171646739,0.00517761905886768,62.575,6,-0.04,AFG,0.823,0.609,0.163,-0.477,0.906,0.463,0.412,0.839,0.773,1.219,-0.392,0.528,0.146,0.175,-1.73,0.68,0.269,0.107,-0.963,-0.81,-1.337,0.823,0.215,0.775,0.172,1.003,-0.08,0.853,0.942,0.61,0.676,100,0.285,0.417,0.189,1,0.461,0,1,0.809,0.799,5,5,0.521,0.301,0.624,1,1,0.077,-0.217,1,-0.768,8,0.68,-0.744,-2.506,0,0.125,0.125,1,0.333,0.687,0.819,0.469,1.038,5818,0.197,0.064,1.461,1949,0.265,0.63,1,0.309,0.422,7,0.401,1,Afghanistan,2020,yes,2604
4418.66087378292,2837849,12.833,-3.30208203862541,0.775369617467959,0.582225701330423,76.989,1,1.104,ALB,0.628,0.911,3.188,0.405,2.036,1.611,1.703,0.806,0.235,2.414,0.526,1.516,0.442,0.479,-0.29,0.437,0.732,1.556,1.276,1.396,-0.341,0.234,1.99,0.307,-0.514,1.204,-1.355,-0.619,0.196,1.343,0.884,100,0.26,0.899,0.364,1,0.154,1,1,0.668,0.844,0,0,0.931,0.806,0.845,1,0,0.249,0.889,0,0.753,1,0.902,1.97,0.475,0,0,0.214,0,0.667,0.377,0.558,0.919,0.809,10127,0.417,1.267,1.444,1969,0.916,0.892,1,0.884,0.816,6,0.691,1,Albania,2020,yes,1
3873.50874565769,43451666,14.036,-5.09999999763123,14.0343770936226,9.03841379679424,74.453,3,0.304,DZA,0.586,0.08,0.748,-1.188,0.311,1.262,0.913,0.665,0.342,-0.459,0.355,0.784,-0.356,0.229,-1.089,0.495,0.713,-0.139,1.367,0.36,-0.583,0.322,1.027,0.338,-0.79,-0.192,1.01,0.714,1.309,-0.313,0.6,100,0.189,0.59,0.254,1,-1.148,0,1,0.611,0.642,6,11,0.607,-0.158,0.761,1,1,0.036,0.541,1,1.008,3,1.437,-1.067,-0.714,0,0.5,0,1,0,0.473,0.277,0.63,-0.258,4066,0.152,0.181,-1.136,1945,0.792,0.797,1,0.629,0.37,7,0.696,1,Algeria,2020,yes,4
2435.02485749107,33428486,16.698,-5.63821471714934,20.2476653863539,18.5719595053837,62.261,4,0.019,AGO,0.579,0.058,1.125,-0.103,0.614,0.285,1.927,0.506,0.662,0.14,0.328,-0.116,-0.337,0.255,1.81,0.39,0.215,0.919,-1.354,0.066,0.614,0.498,0.08,0.773,-0.423,0.501,-1.589,1.482,-0.02,-0.569,0.623,100,0.183,0.561,0.145,1,-0.369,1,1,0.636,0.501,0,1,0.618,0.081,0.568,1,0,0.088,0.897,1,-0.268,4,-1.504,0.083,0.506,0,0.5,0.333,0,0,0.598,0.997,0.6,-1.429,3632,0.177,-0.136,-0.245,1954,0.757,0.591,1,0.543,0.374,6,0.278,1,Angola,2020,no,1
11346.6521128461,45376763,11.46,-9.9004848136464,1.42962432529499,0.677055565819106,75.892,2,0.834,ARG,0.795,2.291,2.365,1.326,1.366,2.345,1.862,0.419,0.134,2.485,2.055,1.804,0.787,0.887,-0.732,0.823,0.691,3.128,0.68,2.111,-2.298,0.082,0.921,0.339,1.936,2.42,-0.871,-0.645,-0.757,1.274,0.962,100,0.686,0.868,0.637,1,0.516,1,1,0.336,0.395,10,23,0.915,1.44,0.922,2,1,0.722,0.148,1,1.507,2,1.035,2.498,0.738,0,0,0.05,1,0,0.065,2.359,0.889,0.915,13211,0.667,1.775,1.934,1959,0.823,0.749,1,0.753,0.79,7,0.74,1,Argentina,2020,yes,5
4256.13122785453,2805608,12.18,-7.19999999920631,2.4219055107181102,0,72.173,1,1.543,ARM,0.891,1.605,2.639,1.025,1.847,2.494,0.469,0.313,0.043,1.662,1.078,2.75,2.157,0.902,-0.656,0.78,0.789,2.61,1.215,1.139,-0.805,0.303,2.521,0.246,1.418,0.581,1.344,-0.863,-0.551,0.022,0.926,100,0.625,0.903,0.645,1,1.161,0,1,0.269,0.303,8,8,0.928,1.304,0.942,2,1,0.666,-1.078,0,1.413,1,1.98,0.857,-0.745,0,0.071,0.214,0,0.333,0.148,1.444,0.907,0.791,617,0.587,1.769,2.336,1953,0.912,0.879,1,0.82,0.707,6,0.812,1,Armenia,2020,no,0
58082.4265799182,25649248,6.46,-0.33468635945016,6.09315865556076,0.108188865636013,83.2,5,1.886,AUS,0.912,2.255,3.022,3.377,1.769,2.197,1.939,0.034,0.034,2.558,2.156,1.599,2.254,0.936,1.012,0.927,0.864,3.031,1.829,2.73,0.449,0.038,1.429,0.02,-0.806,2.335,-2.218,-2.141,-2.273,2.986,0.964,100,0.781,0.956,0.723,1,3.031,1,1,0.016,0.034,0,0,0.957,1.752,0.894,3,0,0.77,1.493,0,2.981,5,1.882,2.304,-0.443,0,0,0,0,1,0.011,2.088,0.898,2.518,42936,0.81,2.12,1.887,1953,0.822,0.825,1,0.975,0.963,1,0.835,1,Australia,2020,yes,5
43343.9718951136,8916864,5.2,-6.63299143662553,0.07085049948111,0.0172756920777442,81.1926829268293,5,2.271,AUT,0.908,2.599,2.84,2.756,1.746,2.024,1.848,0.041,0.075,1.071,2.219,1.719,1.739,0.93,1.79,0.852,0.957,2.934,2.431,2.494,0.095,0.047,1.975,0.045,-0.062,3.149,-0.546,-1.857,-0.93,1.744,0.976,100,0.714,0.952,0.763,1,1.648,1,1,0.085,0.039,18,18,0.977,1.543,0.855,3,1,0.742,0.882,0,2.933,5,3.188,0.85,-0.381,0,0,0.125,0,0.667,0.041,0.827,0.848,1.751,27290,0.756,3.073,2.299,1944,0.807,0.898,1,0.951,0.911,7,0.926,1,Austria,2020,no,4
5083.56025445721,10093121,7.24,-4.30000010230737,13.0027347945894,11.1476827315754,66.868,1,-0.812,AZE,0.088,-1.354,1.3,-1.241,-0.482,0.72,0.74,0.948,0.579,-1.026,-0.542,-1.217,-1.437,0.081,1.31,0.07,0.14,-2.128,-1.49,0.77,-0.875,0.37,0.896,0.521,1.023,-1.466,-0.617,-0.264,-0.533,-1.889,0.29,100,0.04,0.366,0.116,1,-1.416,1,1,0.903,0.922,5,8,0.479,-0.836,0.596,1,1,0.003,-0.923,1,1.073,1,1.072,-0.593,0.798,0,0.056,0,1,0,0.841,-0.534,0.502,-0.769,9686,0.066,-1.391,-1.141,1961,0.702,0.773,1,0.244,0.165,7,0.337,1,Azerbaijan,2020,no,0
22579.3620055846,1477469,1.786,-4.64463735878491,10.7041414154858,6.69558923237194,79.174,3,-0.552,BHR,0.111,-1.886,-0.231,-1.103,-0.837,1.399,-0.707,0.74,0.934,-2.022,-1.217,-2.137,-1.033,0.215,0.153,0.218,0.797,-1.532,0.833,-0.528,-2.885,0.575,-1.798,0.518,2.068,-1.828,0.991,-0.053,-0.672,-1.478,0.253,100,0.067,0.319,0.114,1,-0.27,1,1,0.476,0.703,0,0,0.342,-0.842,0.737,0,0,0,1.403,0,0.441,3,0.103,-1.005,-0.925,0.4,0.2,0,0,0,0.811,-2.688,0.368,-0.407,3213,0.052,-0.901,-1.692,1950,0.453,0.692,1,0.261,0.16,4,0.391,1,Bahrain,2020,no,0
1593.34739987361,167420951,5.316,3.44802562762527,0.560867699425496,0.0164788319009585,71.968,6,-1.178,BGD,0.598,-0.899,-1.634,-1.889,-0.515,1.498,0.639,0.849,0.687,1.096,-1.588,1.513,0.411,0.149,-0.931,0.236,0.14,-1.697,-1.335,-0.476,-2.686,0.597,0.649,0.875,1.497,-1.166,0.138,-0.104,-1.309,-1.378,0.288,100,0.101,0.327,0.1,1,-0.906,1,1,0.92,0.819,1,3,0.165,-0.233,0.801,1,1,0.022,1.464,0,-1.007,8,-1.034,1.03,-2.418,0,0.333,0.083,0,0,0.918,-1.111,0.673,-1.644,2187,0.097,-1.125,-0.565,1944,0.744,0.645,1,0.318,0.22,6,0.229,1,Bangladesh,2020,yes,30
15067.4369830702,280693,9.743,-12.7379887726406,0.138343276363777,0.118477272101359,77.393,2,1.618,BRB,0.864,2.149,2.605,1.248,2.365,1.961,1.202,0.086,0.116,2.66,2.226,1.09,1.747,0.873,1.744,0.875,0.943,1.831,2.809,2.556,1.924,0.074,1.214,0.13,-2.211,1.66,-1.736,-0.15,-1.363,1.083,0.959,100,0.691,0.918,0.664,1,1.324,1,1,0.07,0.094,0,0,0.941,1.374,0.854,3,0,0.686,0.599,0,2.63,10,1.434,2.405,0.905,0,0,0.333,0,0.667,0.063,0.816,0.919,1.347,19389,0.685,2.065,2.057,1949,0.918,0.659,0,0.856,0.852,1,0.819,1,Barbados,2020,no,0
6252.00881913912,9379952,4.05,-0.672904125264921,1.52063831654103,0.36508491305747,72.4572195121951,1,-1.902,BLR,0.187,-1.585,-1.097,-0.775,-2.034,1.504,0.904,0.568,0.147,-0.902,-1.308,1.531,0.926,0.184,1.306,0.095,0.884,-2.488,2.484,2.667,-2.548,0.088,1.108,0.072,3.207,-3.167,0.459,1.609,0.367,-2.685,0.114,100,0.05,0.196,0.248,1,-2.532,1,1,0.272,0.694,7,7,0.089,-0.901,0.769,1,1,0.008,0.889,1,1.915,1,1.212,-0.238,0.571,0,0.214,0,1,0,0.518,-0.837,0.428,2.033,8437,0.048,-2.752,-1.309,1954,0.622,0.646,1,0.173,0.09,7,0.773,1,Belarus,2020,no,2
40655.5571522973,11538604,5.55,-5.2607791859752,0.0284876381171316,0.0147576977551149,80.6951219512195,5,2.456,BEL,0.942,3.162,3.088,2.785,0.826,2.971,1.737,0.015,0.025,2.477,2.091,2.145,1.126,0.972,2.243,0.931,0.949,2.882,2.559,2.166,0.941,0.047,2.781,0.062,-1.769,1.378,-1.136,-2.218,-0.993,1.689,0.957,100,0.82,0.976,0.826,1,1.891,1,1,0.015,0.013,0,0,0.98,1.748,0.953,3,0,0.826,1.444,0,2.65,5,2.638,1.9,0.34,0,0,0.125,0,1,0.034,2.165,0.925,1.702,27512,0.818,3.06,2.84,1960,0.939,0.876,1,0.991,0.923,4,0.933,1,Belgium,2020,yes,3
1164.70896658459,12643123,1.616,3.84879240030133,2.42798483756811,0.0451182412067022,60.088,4,-0.091,BEN,0.626,1.363,2.151,1.972,1.75,1.921,1.506,0.17,0.232,1.652,0.39,2.051,0.535,0.464,1.127,0.606,0.623,0.219,1.652,1.795,0.474,0.196,1.961,0.518,-0.223,1.061,-0.593,0.904,0.168,0.018,0.72,100,0.292,0.874,0.336,1,0.097,1,1,0.099,0.125,11,14,0.849,0.438,0.901,1,1,0.171,0.119,1,0.945,4,1.284,2.528,2.414,0,0.25,0,1,0,0.251,-0.081,0.926,-0.604,10498,0.293,0.981,0.897,1958,0.928,0.894,1,0.805,0.605,7,0.718,1,Benin,2020,yes,1
2884.20873698574,772506,5.03,-10.2183974073689,2.79203234949683,0,71.609,6,1.204,BTN,0.799,0.418,1.422,1.986,-0.028,1.541,1.343,0.058,0.123,0.844,1.981,2.068,2.541,0.85,0.241,0.879,0.957,1.812,2.714,1.421,2.065,0.195,1.674,0.155,-0.869,0.642,-1.689,-0.426,-2.252,0.777,0.675,100,0.514,0.81,0.507,1,2.162,1,1,0.169,0.06,0,0,0.883,0.969,0.715,2,0,0.384,0.386,0,2.561,8,1.765,-0.504,0.964,0.1,0.1,0.2,0,0.667,0.112,-0.505,0.644,-0.011,4649,0.51,2.138,1.183,1980,0.732,0.806,1,0.864,0.86,4,0.858,1,Bhutan,2020,no,0
2920.19744733394,11936162,7.9,-8.7378843576993,2.7203797976672,0.497346305966912,64.467,2,0.329,BOL,0.635,0.878,1.271,-0.011,0.295,1.008,1.705,0.702,0.381,0.81,0.228,1.012,-0.308,0.516,-0.834,0.489,0.257,0.796,-1.436,0.826,-3.012,0.297,0.198,0.266,3.64,0.971,0.54,-0.134,1.277,0.816,0.666,100,0.211,0.652,0.214,1,0.36,1,1,0.325,0.644,1,28,0.833,0.695,0.657,1,1,0.05,0.092,1,0.159,2,0.534,1.512,-1.665,0,0.188,0.188,1,0,0.495,0.033,0.668,1.212,0,0.234,1.659,0.358,1963,0.672,0.679,1,0.466,0.555,7,0.497,1,Bolivia,2020,no,9
5459.21962930891,3318407,15.87,-3.01509514759861,0.7812488464624,0,76.225,1,0.847,BIH,0.732,0.483,1.664,0.095,2.562,1.769,-0.047,0.713,0.437,1.938,0.814,0.726,-0.732,0.553,-0.668,0.609,0.732,1.076,1.201,0.952,-1.697,0.292,0.677,0.379,1.02,1.61,-0.688,-1.774,-1.657,-0.37,0.666,100,0.359,0.797,0.376,1,0.987,0,1,0.738,0.705,7,7,0.826,0.755,0.89,2,1,0.307,-0.129,0,1.183,1,0.9,1.182,-0.453,0,0,0.05,0,0.667,0.557,-0.352,0.867,1.153,8806,0.362,1.188,1.769,99,0.758,0.81,1,0.624,0.617,7,0.655,1,Bosnia & Herzegovina,2020,no,0
5810.89847606742,2546402,21.02,-8.72875252639037,0.675042393475679,0,65.647,4,2.016,BWA,0.674,1.328,2.047,1.867,2.108,1.489,1.678,0.139,0.101,1.151,0.695,1.808,2.691,0.624,-0.389,0.847,0.781,1.23,0.468,2.281,1.243,0.155,1.128,0.157,-1.525,1.445,-2.246,1.684,-0.904,0.523,0.884,100,0.506,0.913,0.444,1,1.288,0,1,0.088,0.181,0,1,0.918,0.931,0.843,3,0,0.388,1.49,1,2.209,4,1.153,1.454,2.292,0,0.062,0.375,0,0.667,0.157,0.705,0.87,1.411,19450,0.493,2.127,2.152,1962,0.839,0.84,1,0.877,0.811,6,0.717,1,Botswana,2020,no,0
8255.56801342826,213196304,13.7,-3.2767587964736,3.22987656043381,1.07872778605369,74.009,2,0.397,BRA,0.77,0.256,-0.281,0.498,1.579,1.471,1.218,0.643,0.274,2.061,0.359,0.649,0.371,0.855,-0.651,0.48,0.286,1.999,-1.529,2.596,-2.464,0.092,0.447,0.384,2.355,1.217,0.912,1.912,-0.336,0.631,0.767,100,0.385,0.658,0.331,1,-0.23,1,1,0.328,0.671,14,27,0.431,1.085,0.774,2,1,0.518,1.586,1,-0.67,2,-0.052,0.571,-1.176,0,0.15,0.05,1,0.333,0.045,0.284,0.782,1.537,11409,0.523,-0.128,1.4,1955,0.83,0.464,1,0.703,0.733,7,0.371,1,Brazil,2020,yes,6
7958.82683957222,6934015,5.12,-3.96615613627334,0.618935967577506,0.00967333606272928,73.6585365853659,1,1.302,BGR,0.627,1.316,2.199,0.344,2.166,2.311,1.924,0.502,0.122,1.252,0.536,1.335,0.834,0.736,-1.696,0.815,0.692,2.639,0.567,2.522,-1.135,0.069,0.934,0.142,0.554,1.955,0.472,-1.483,-0.442,1.561,0.852,100,0.502,0.866,0.453,1,1.182,1,1,0.548,0.447,12,12,0.9,1.081,0.907,2,1,0.416,1.554,0,1.122,1,1.074,1.406,-1.27,0,0,0.071,0,1,0.067,0.197,0.883,1.37,10399,0.508,1.644,1.514,1963,0.82,0.865,1,0.742,0.825,7,0.704,1,Bulgaria,2020,no,1
709.057750116834,21522626,5.148,1.92199069027077,9.17782687692865,0,59.731,4,2.4,BFA,0.817,2.057,2.275,1.062,0.818,0.812,1.075,0.414,0.178,1.609,1.299,2.066,0.89,0.698,0.83,0.776,0.312,2.284,-0.612,0.695,0.005,0.357,1.457,0.224,-0.729,2.006,0.118,0.724,0.573,-0.042,0.694,100,0.526,0.747,0.427,1,1.102,1,1,0.34,0.35,6,9,0.797,0.957,0.722,2,1,0.492,1.496,0.5,1.203,4,1.195,0.966,-1.002,0,0.25,0.167,0.5,0.667,0.142,0.749,0.729,0.674,1463,0.468,0.255,1.737,1957,0.71,0.67,1,0.499,0.659,7,0.581,1,Burkina Faso,2020,yes,110
263.360988689031,12220227,1.03,0.327156891263598,13.8475521568267,0,61.566,4,-0.593,BDI,0.177,-1.413,-2.789,-0.683,-1.017,-1.706,1.105,0.849,0.732,-0.728,-2.43,-0.226,-1.986,0.057,-1.422,0.179,0.146,-1.539,-2.028,0.602,-1.359,0.302,0.423,0.833,2.512,-1.062,1.83,1.185,-0.438,-2.152,0.256,100,0.065,0.167,0.11,1,-1.527,1,1,0.945,0.849,2,5,0.025,-0.893,0.244,1,1,0.001,1.372,1,1.384,4,-0.415,1.486,-1.181,0,0.25,0.167,1,0.333,0.887,-1.941,0.355,0.379,594,0.047,-2.854,-1.975,1968,0.356,0.79,1,0.156,0.113,7,0.337,1,Burundi,2020,yes,7
1404.19865499773,16396860,0.17,-3.09600673131888,0.939357675669705,1.36728305235044e-4,70.416,6,-1.246,KHM,0.167,-0.922,-0.347,-1.57,-0.394,0.766,0.789,0.931,0.666,0.108,-1.12,0.103,-0.153,0.144,0.196,0.158,0.186,-1.496,-1.351,0.738,-0.676,0.571,0.296,0.813,0.191,-0.723,0.538,1.145,-0.584,-2.039,0.314,100,0.065,0.281,0.09,1,-1.147,1,1,0.909,0.941,0,1,0.401,-0.646,0.525,1,0,0.005,0.068,0,-0.117,7,-1.302,0.141,0.49,0,0.3,0.3,0,0,0.732,-1.596,0.402,-0.335,775,0.064,-0.292,-1.197,1953,0.497,0.305,1,0.265,0.155,4,0.247,1,Cambodia,2020,no,1
1419.32820833604,26491087,3.994,0.259932915907115,4.34202268521826,1.28058779283346,60.833,4,0.196,CMR,0.628,0.389,0.645,-1.731,-0.076,1.619,1.01,0.949,0.753,0.292,-0.622,-0.672,-1.102,0.112,-2.23,0.259,0.359,-1.802,0.624,0.032,-2.836,0.363,0.846,0.889,2.482,-0.742,0.789,1.311,2.064,-1.349,0.674,100,0.122,0.511,0.184,1,-1.178,1,1,0.899,0.962,10,11,0.458,-0.139,0.813,1,1,0.03,1.485,1,0.086,4,1.138,1.623,-2.011,0,0.357,0.071,1,0,0.799,0.398,0.691,-2.058,13275,0.123,-0.871,-1.023,1933,0.731,0.703,1,0.409,0.273,7,0.468,1,Cameroon,2020,yes,145
42390.0630981047,38007166,9.66,-5.03823344128351,1.24181874632923,0.8889084820818,81.6704878048781,5,2.642,CAN,0.869,2.697,3.124,2.137,2.413,2.281,1.727,0.037,0.065,1.696,2.783,1.479,1.94,0.958,1.961,0.89,0.924,2.751,2.209,2.049,1.195,0.068,0.905,0.138,-0.932,2.349,-0.672,-1.55,-0.59,0.815,0.944,100,0.756,0.957,0.745,1,1.236,1,1,0.011,0.06,0,0,0.969,1.509,0.916,2,0,0.77,1.604,0,3.004,5,1.658,2.052,-0.508,0,0,0.125,0,1,0.052,1.812,0.918,1.52,36702,0.741,2.459,1.911,1963,0.853,0.906,1,0.905,0.86,1,0.866,1,Canada,2020,yes,14
2876.1534287362,582640,14.588,-20.8052758990735,11.5827986817016,0,74.808,4,1.095,CPV,0.791,2.102,1.896,0.897,2.535,2.117,1.244,0.191,0.292,2.603,2.075,2.81,2.319,0.884,1.709,0.81,0.705,2.024,1.038,1.456,0.429,0.228,2.277,0.389,-1.023,2.81,-2.336,-1.931,-1.682,2.258,0.933,100,0.65,0.895,0.635,1,1.388,1,1,0.301,0.174,8,8,0.918,1.463,0.881,2,1,0.68,1.401,0,-0.028,4,1.798,2.167,0.902,0,0,0.071,0,0.333,0.39,0.813,0.93,0.227,10511,0.714,2.252,3.055,1950,0.896,0.867,1,0.77,0.908,7,0.778,1,Cape Verde,2020,no,0
375.216924073281,5343020,6.66,0.899999996857062,9.88532886509892,0,54.604,4,-1.152,CAF,0.751,1.37,-0.784,-1.614,0.158,0.514,-0.202,0.72,0.902,0.818,0.285,0.24,-0.8,0.284,-1.973,0.424,0.127,1.124,-1.064,-0.268,-1.059,0.597,0.257,0.893,1.099,0.156,-0.568,1.036,1.083,1.424,0.712,100,0.205,0.299,0.178,1,0.342,1,1,0.844,0.632,6,13,0.338,0.294,0.436,1,1,0.114,0.401,1,-1.744,4,-0.508,1.093,-2.099,0,0.375,0,1,0.333,0.783,0.433,0.472,-1.127,1479,0.202,-0.37,-0.549,1957,0.373,0.577,1,0.284,0.413,7,0.347,1,Central African Republic,2020,yes,36
622.278506280593,16644701,1.684,-1.60000673705524,13.9330901678111,9.22817147863275,52.777,4,-0.8,TCD,0.693,0.38,-1.455,-2.746,-0.521,1.03,0.002,0.937,0.723,0.636,-0.019,-1.361,-1.136,0.107,-0.712,0.326,0.219,-1.425,-0.852,-1.078,-1.337,0.746,-0.387,0.897,1.758,-1.645,1.805,0.662,1.617,-1.702,0.505,100,0.135,0.237,0.104,1,-1.634,1,1,0.969,0.933,4,7,0.15,-0.278,0.792,1,1,0.023,0.828,1,0.374,4,-0.591,0.537,-1.324,0,0.333,0,1,0,0.765,0.27,0.501,-2.378,607,0.091,-1.495,-0.762,1952,0.489,0.418,1,0.239,0.186,7,0.226,1,Chad,2020,yes,15
12738.7248380454,19300315,10.94,-6.14524685814565,5.48716936741024,0.00734834195127083,79.377,2,2.276,CHL,0.82,2.159,1.527,1.447,1.421,2.151,1.726,0.04,0.213,2.857,1.935,1.045,1.108,0.968,0.673,0.897,0.625,1.764,0.69,0.951,-1.28,0.311,1.223,0.394,0.31,0.532,-0.083,-2.324,-0.756,3.197,0.974,100,0.738,0.886,0.618,1,1.778,1,1,0.085,0.045,12,27,0.832,1.721,0.913,2,1,0.735,1.276,1,1.342,2,1.499,2.177,-0.861,0,0,0,1,0,0.055,1.199,0.897,0.75,10887,0.764,1.383,1.424,1949,0.8,0.874,1,0.813,0.933,7,0.703,1,Chile,2020,yes,54
10358.1699972413,1411100000,5,2.23863835674121,0.863774740928771,0.114304451775114,78.077,6,-0.881,CHN,0.063,-1.994,0.409,-0.588,-1.441,0.632,2.258,0.329,0.481,-2.113,-1.871,-1.392,1.485,0,-0.283,0.316,0.395,-0.906,-0.309,1.164,1.947,0.368,-1.647,0.471,-0.893,-2.1,0.808,1.234,-2.183,-1.18,0.16,100,0.086,0.231,0.092,0,0.673,1,1,0.419,0.322,0,0,0.416,-1.173,0.424,0,0,0,0.292,1,0.989,6,0.042,-2.34,-1.082,0,0.059,0.971,0,0,0.594,-2.619,0.13,-0.039,660,0.039,-0.949,-1.495,1953,0.223,0.3,1,0.374,0.133,2,0.339,0,China,2020,yes,21
5852.98323540006,50930662,15.98,-7.25229907492306,2.55119417609951,1.56279790261714,74.769,2,0.265,COL,0.765,0.83,-0.668,0.273,1.183,0.965,1.382,0.348,0.518,1.228,0.099,-0.265,0.226,0.782,-1.338,0.575,0.305,-0.82,-0.794,1.149,-2.25,0.496,-0.235,0.74,1.076,0.657,0.458,-1.659,0.555,1.275,0.388,100,0.406,0.62,0.287,1,0.406,1,1,0.418,0.304,31,31,0.53,0.991,0.651,2,1,0.446,1.493,1,-0.304,2,0.171,1.406,-1.726,0,0,0,1,0,0.21,1.22,0.708,-0.237,10407,0.483,0.977,1.157,1976,0.654,0.688,1,0.595,0.733,7,0.333,1,Colombia,2020,yes,171
1352.95549152759,806166,5.776,-0.195556827149787,1.59920965443734,0,64.166,4,-0.295,COM,0.658,1.539,-0.14,-0.885,0.299,0.701,0.362,0.862,0.469,-0.576,0.817,1.345,-0.38,0.075,-1.799,0.595,0.425,-0.318,0.337,0.152,-0.642,0.503,1.73,0.57,2.077,-1.078,1.399,-0.856,0.112,-1.685,0.306,100,0.227,0.473,0.234,1,-1.391,1,1,0.801,0.844,12,13,0.429,-0.257,0.672,1,1,0.023,-0.135,1,-0.467,4,1.197,-0.208,0.25,0,0.417,0,1,0.333,0.552,0.238,0.539,0.026,520,0.115,-0.293,-0.243,1959,0.599,0.745,1,0.493,0.247,7,0.618,1,Comoros,2020,no,0
1740.83234154052,5702174,22.667,-6.26777799581888,26.2181324216101,22.4084125429251,63.785,4,-1.177,COG,0.532,-0.727,-1.936,-0.303,-0.456,1.169,0.79,0.832,0.859,0.943,-0.561,0.739,0.209,0.097,-0.707,0.56,0.397,-1.334,-0.162,0.173,0.198,0.499,-0.518,0.861,0.225,-0.67,0.342,-0.208,0.662,-0.529,0.057,100,0.199,0.242,0.138,1,-1.074,1,1,0.759,0.827,2,6,0.17,-0.292,0.641,1,1,0.015,-0.657,1,-1.501,4,-0.49,1.352,-1.14,0,0.4,0.2,1,0,0.878,0.213,0.345,-1.139,8102,0.115,-0.767,-1.105,1943,0.188,0.149,1,0.324,0.282,7,0.358,1,Congo - Brazzaville,2020,no,0
487.433133172625,92853164,5.489,1.73542276681493,15.9281973313702,0.358850561150071,59.739,4,-0.45,COD,0.823,1.2,0.417,-1.301,0.398,-1.09,1.307,0.898,0.782,-0.338,0.166,0.958,-1.125,0.204,-1.704,0.697,0.21,-0.806,-0.515,-0.175,-0.838,0.575,1.11,0.869,1.376,0.499,0.331,1.124,0.595,-0.921,0.597,100,0.291,0.362,0.207,1,-0.848,1,1,0.859,0.861,4,7,0.488,0.192,0.275,1,1,0.084,-0.26,1,-0.98,4,0.945,0.845,-1.351,0.05,0.4,0,1,0,0.792,0.779,0.444,-1.736,356,0.159,-0.403,-0.284,1963,0.487,0.613,1,0.26,0.314,7,0.454,1,Congo - Kinshasa,2020,yes,310
12030.0485934011,5123105,16.43,-4.27335432054194,0.904748239780319,0.00341590826010993,79.277,2,2.406,CRI,0.94,3.016,2.543,2.593,2.249,2.249,1.924,0.16,0.042,1.139,1.806,2.282,1.829,0.959,1.348,0.959,0.917,2.89,1.904,1.639,0.608,0.082,2.367,0.096,-1.292,2.41,-1.551,-1.887,-1.282,2.023,0.962,100,0.851,0.967,0.805,1,1.453,1,1,0.188,0.157,20,30,0.967,1.836,0.929,3,1,0.84,-3.122,1,2.358,2,2.224,2.062,0.283,0,0,0,1,0,0.039,2.525,0.92,1.056,25621,0.852,2.942,2.5,1980,0.869,0.922,1,0.958,0.957,7,0.893,1,Costa Rica,2020,no,0
13075.3471735512,4047680,7.51,-8.59142376022206,0.439094632914067,0.141105225031332,77.7243902439024,1,0.902,HRV,0.825,1.096,2.849,0.743,0.925,2.794,0.353,0.235,0.242,2.255,0.993,0.689,0.931,0.926,0.208,0.734,0.869,2.37,2.157,1.288,-0.506,0.114,0.814,0.147,0.305,1.704,-2.133,-1.822,-0.936,1.444,0.832,100,0.584,0.858,0.603,1,3.031,1,1,0.324,0.214,12,12,0.95,1.302,0.946,2,1,0.634,0.851,0,2.456,1,1.53,1.508,-0.269,0,0,0,0,1,0.262,1.092,0.8,1.235,8806,0.655,2.043,1.258,1966,0.584,0.757,1,0.859,0.856,7,0.771,1,Croatia,2020,no,1
7172.51792767657,11300698,1.4,-10.9490846048862,0.565351678337536,0.222499890127649,77.567,2,-1.633,CUB,0.083,-1.886,1.514,-1.622,-0.783,-0.283,2.009,0.52,0.258,-0.549,-1.248,0.589,0.442,0.3,0.772,0.304,0.89,-2.153,1.935,2.335,-0.468,0.094,1.265,0.158,-0.34,-1.452,1.108,2.426,-0.151,-1.151,0.074,100,0.104,0.24,0.242,1,-0.687,1,1,0.871,0.572,0,14,0.541,-1.042,0.268,0,0,0.001,1.481,1,1.707,2,1.428,-0.592,1.458,0,0.312,0.75,0,0,0.807,-0.95,0.335,-0.372,22279,0.062,-1.11,-1.55,1960,0.36,0.879,1,0.121,0.16,2,0.799,1,Cuba,2020,no,0
27089.8828125,1237537,7.76,-3.39086048722754,0.0079310862289615,0,81.391,5,1.823,CYP,0.881,2.004,3.317,1.462,1.203,1.749,0.585,0.205,0.176,1.479,1.204,1.195,0.462,0.915,0.367,0.732,0.948,2.317,2.953,2.426,0.714,0.047,2.151,0.129,0.528,1.668,-2.128,-1.066,-1.292,1.216,0.918,100,0.611,0.926,0.709,1,1.056,0,1,0.207,0.238,16,16,0.971,1.352,0.807,3,1,0.691,-0.424,1,0.955,5,2.112,1.273,0.066,0,0,0,1,0,0.088,0.639,0.803,1.773,16597,0.691,2.325,2.258,1946,0.772,0.788,1,0.968,0.862,7,0.888,1,Cyprus,2020,no,11
19048.0868543829,10697858,2.55,-5.50296796125089,0.416571327081177,0.00507207922757448,78.2268292682927,1,1.047,CZE,0.82,2.253,3.22,1.289,0.946,2.207,1.829,0.304,0.039,1.754,2.053,1.633,1.042,0.922,1.35,0.765,0.956,3.181,2.408,2.816,0.455,0.041,2.36,0.039,-0.595,2.96,-1.947,-2.194,-1.379,1.472,0.978,100,0.654,0.949,0.73,1,0.818,1,1,0.239,0.393,4,4,0.986,1.486,0.885,2,1,0.722,1.578,0,3.037,1,2.785,1.708,0.608,0,0,0.056,0,1,0.05,1.538,0.847,2.448,9861,0.728,3.315,3.324,1944,0.821,0.858,1,0.989,0.888,7,0.897,1,Czechia,2020,no,0
2234.90947297008,26811790,2.636,1.73762043103271,2.59163858078542,0.371217181360166,59.032,4,0.633,CIV,0.658,1.427,0.364,0.439,0.909,0.73,1.464,0.712,0.327,1.622,0.503,0.667,1.525,0.568,-0.767,0.871,0.259,1.27,-1.02,1.632,-1.825,0.302,0.975,0.485,1.264,0.61,0.629,0.955,-0.604,-1.724,0.597,100,0.448,0.673,0.293,1,-0.676,1,1,0.609,0.75,5,13,0.654,0.355,0.661,1,1,0.274,0.704,1,1.266,4,0.824,1.707,-1.961,0,0.375,0,1,0,0.424,0.05,0.766,-0.153,0,0.269,0.874,1.137,1942,0.685,0.846,1,0.547,0.434,7,0.492,1,Côte d’Ivoire,2020,yes,4
55653.587445315,5831404,5.64,-2.42451267861938,0.162332732247836,0.137036781200766,81.6024390243903,5,1.862,DNK,0.972,2.647,3.29,2.789,1.39,2.529,1.662,0.002,0.016,1.819,3.766,3.321,2.746,0.958,2.147,0.973,0.983,2.998,3.053,3.495,2.158,0.014,2.058,0.01,-3.297,2.59,-1.313,-2.648,-2.356,3.304,0.983,100,0.876,0.971,0.876,1,1.83,1,1,0.001,0.003,0,0,0.97,2.035,0.935,3,0,0.864,0.368,0,3.345,5,3.337,1.293,0.453,0,0,0,0,1,0.009,3.087,0.88,2.127,27268,0.882,2.348,2.698,1940,0.725,0.97,1,0.997,0.977,4,0.97,1,Denmark,2020,no,0
2814.82622084057,1090156,27.848,1.31636324158444,0.322148755925581,0,62.694,4,0.243,DJI,0.339,0.217,-0.227,0.136,-0.883,0.147,0.501,0.687,0.769,-0.619,-0.718,0.728,0.555,0.181,-0.879,0.344,0.307,-0.36,-0.198,-1.061,0.789,0.805,0.664,0.742,0.107,0.031,0.068,0.008,0.296,-1.118,0.536,100,0.137,0.461,0.18,1,-0.758,1,1,0.68,0.707,6,7,0.422,-0.216,0.561,1,1,0.025,0.016,1,-0.659,4,0.718,-0.033,0.251,0.071,0.143,0.286,1,0,0.698,-1.049,0.382,-1.257,13947,0.125,-0.293,0.092,1947,0.545,0.467,1,0.621,0.313,7,0.487,1,Djibouti,2020,yes,0
7571.78282025612,10999664,6.13,-6.72023937283404,1.23931109405337,0,72.889,2,0.82,DOM,0.909,1.643,2.19,0.42,2.325,2.529,1.972,0.547,0.548,2.346,1.838,1.1,-0.701,0.581,0.077,0.841,0.264,1.879,-1.122,-0.054,-0.63,0.541,-0.629,0.723,-0.752,2.124,-0.553,-1.616,-1.652,-1.33,0.954,100,0.534,0.818,0.33,1,0.35,1,1,0.604,0.489,16,29,0.889,0.985,0.883,2,1,0.453,0.602,1,0.551,2,-0.04,1.539,0.288,0,0.25,0,1,0,0.649,1.569,0.88,-0.962,14747,0.417,1.468,2.802,1967,0.785,0.756,1,0.574,0.586,7,0.416,1,Dominican Republic,2020,no,0
5331.97661096757,17588595,6.13,-7.78760709093422,2.92430668533391,2.56275988674609,72.153,2,1.086,ECU,0.756,1.312,2.348,0.505,2.209,2.25,1.533,0.568,0.355,2.372,1.645,0.946,1.192,0.697,-0.95,0.673,0.602,1.618,0.711,1.085,-1.26,0.276,0.696,0.53,1.675,1.143,-2.206,-1.786,-1.015,1.814,0.97,100,0.447,0.882,0.417,1,0.755,1,1,0.53,0.474,19,36,0.96,0.989,0.897,2,1,0.435,0.504,1,0.427,2,0.622,2.165,-0.9,0,0.35,0.1,1,0.333,0.166,1.215,0.917,-0.509,14753,0.482,2.894,0.595,1953,0.868,0.877,1,0.615,0.74,7,0.614,1,Ecuador,2020,no,5
3835.7842148979,107465134,7.97,3.55016483786838,3.25774327235436,1.85770095140202,70.99,3,-1.404,EGY,0.21,-1.978,-1.714,-1.149,-1.443,0.54,1.831,0.644,0.635,-2.605,-0.963,0.994,0.472,0.093,-0.888,0.327,0.203,-1.964,-1.278,0.923,-1.365,0.498,0.29,0.804,0.803,-1.447,-0.407,-0.864,-0.895,-0.972,0.097,100,0.106,0.267,0.097,1,0.647,1,1,0.828,0.585,2,14,0.123,-0.655,0.647,1,1,0.002,0.45,1,-0.407,3,-0.908,-0.546,0.296,0,0.5,0,1,0.333,0.737,-1.242,0.325,-1.167,2173,0.12,-1.63,-1.33,1954,0.558,0.574,1,0.511,0.372,7,0.287,1,Egypt,2020,yes,57
3775.57609048989,6292731,5.01,-7.81527508113207,0.764177304476048,6.48310040641576e-5,71.061,2,-1.165,SLV,0.67,0.56,1.19,-0.482,0.53,1.738,0.957,0.651,0.498,0.741,-0.275,1.044,0.603,0.694,-0.934,0.362,0.264,0.695,-1.36,-0.578,-1.646,0.712,0.863,0.834,0.851,0.972,-0.385,-0.862,-1.412,0.814,0.644,100,0.254,0.501,0.268,1,-0.246,1,1,0.679,0.633,11,28,0.633,0.713,0.794,2,1,0.332,0.306,1,0.75,2,-0.8,2.243,-0.475,0,0.3,0,1,0.333,0.779,0.712,0.674,-0.904,9344,0.347,-0.092,0.568,1981,0.505,0.697,1,0.273,0.563,7,0.377,1,El Salvador,2020,yes,0
5995.90584463831,1596049,9.034,-4.79108083383294,16.6815988795919,10.7521167179464,60.708,4,-1.433,GNQ,0.181,-2.329,-0.715,-1.323,-0.693,0.051,1.787,0.927,0.816,0.292,-1.982,-1.097,-0.476,0.05,0.467,0.096,0.369,-1.413,0.743,-0.027,-0.795,0.654,-0.331,0.704,0.491,-1.61,-0.203,1.514,-1.482,-1.385,0.287,100,0.044,0.23,0.119,1,-1.165,1,1,0.81,0.944,6,8,0.198,-0.825,0.454,1,1,0.001,1.521,1,-1.029,4,0.722,0.52,2.659,0,0.2,0,1,0,0.879,-1.415,0.33,-0.756,13652,0.054,-1.686,-1.69,1942,0.176,0.688,1,0.344,0.134,7,0.363,1,Equatorial Guinea,2020,no,0
20118.1050729983,1329522,6.8,-0.55100125774716,1.43024326219824,0.480973513029608,78.5951219512195,1,2.781,EST,0.958,2.007,2.936,3.243,2.362,2.508,1.848,0.039,0.118,2.429,2.945,1.109,2.107,0.959,1.492,0.742,0.963,2.265,3.063,2.973,0.285,0.026,1.445,0.02,-0.26,2.163,-2.061,-1.564,-2.1,2.171,0.952,100,0.693,0.971,0.8,1,2.227,1,1,0.03,0.041,1,1,0.97,1.834,0.923,3,1,0.831,0.897,0,2.413,1,2.223,1.407,2.573,0,0,0,0,1,0.029,2.477,0.938,1.883,10047,0.841,2.698,2.969,1969,0.925,0.925,1,0.936,0.95,6,0.893,1,Estonia,2020,yes,0
3672.65334607687,1180655,24.769,-1.55964269181541,3.38164464300091,0,59.692,4,-0.613,SWZ,0.16,-1.061,0.777,-0.653,0.664,-1.38,1.229,0.484,0.372,0.825,-0.756,-1.414,0.065,0.315,1.216,0.251,0.304,-1.033,-1.057,1.583,-0.938,0.404,0.878,0.527,1.393,-1.582,-1.438,-0.844,0.474,0.493,0.193,100,0.078,0.362,0.073,1,-0.803,1,1,0.81,0.55,0,0,0.461,-0.469,0.163,0,0,0,1.503,1,0.121,4,-1.012,0.836,1.26,0.9,0.3,0,0,0,0.784,-1.344,0.396,-0.716,17064,0.114,-0.951,-1.28,1968,0.533,0.177,1,0.501,0.385,4,0.234,1,Eswatini,2020,no,0
811.255539909268,117190911,3.906,6.05953088643369,5.49770060254135,0,65.371,4,0.106,ETH,0.486,-0.004,0.237,0.022,-0.129,0.619,0.93,0.258,0.79,-0.028,1.035,-0.876,1.262,0.199,-1.484,0.75,0.583,-0.206,0.772,1.192,-1.116,0.4,0.549,0.506,0.764,-0.534,1.095,1.331,-0.46,-0.608,0.472,100,0.291,0.531,0.244,1,0.113,1,1,0.64,0.174,0,0,0.485,0.027,0.546,1,0,0.06,1.196,0,-1.021,4,1.267,0.76,-1.55,0,0.278,0.389,0,0.333,0.723,-0.263,0.469,-0.338,8898,0.163,-0.263,0.51,1950,0.447,0.669,1,0.697,0.362,6,0.607,1,Ethiopia,2020,yes,53
4701.33150822866,920422,4.733,-17.0398709086077,1.45148578020456,0,67.924,6,0.088,FJI,0.575,0.005,1.985,0.136,1.192,0.629,1.364,0.286,0.594,0.579,0.414,0.265,1.314,0.483,-0.637,0.636,0.669,0.652,0.912,0.576,-0.373,0.492,0.906,0.506,-0.06,0.06,-2.338,-1.062,-0.534,-0.628,0.512,100,0.298,0.712,0.31,1,0.061,1,1,0.295,0.335,0,0,0.79,0.391,0.533,1,0,0.162,1.095,0,1.051,9,1.041,1.182,1.503,0,0.429,0,0,0.333,0.632,-1.196,0.714,-0.846,2306,0.276,0.462,0.851,1947,0.769,0.791,1,0.722,0.572,6,0.664,1,Fiji,2020,no,0
44984.7344505487,5529543,7.76,-2.35496515679442,0.289254242774969,0.0208151367431629,81.9317073170732,5,3.554,FIN,0.954,2.793,3.153,2.597,2.215,1.977,2.065,0.009,0.026,2.153,3.201,1.328,1.952,0.965,2.073,0.929,0.883,2.921,1.807,2.257,2.551,0.03,2.757,0.017,-1.349,2.917,-0.868,-2.858,-0.717,3.188,0.971,100,0.801,0.984,0.797,1,2.188,1,1,0.019,0.012,19,19,0.987,1.819,0.91,3,1,0.801,0.427,0,3.33,5,3.012,2.537,-0.499,0,0,0.083,0,1,0.014,2.576,0.944,2.346,27496,0.835,3.536,2.537,1948,0.938,0.888,1,0.985,0.973,7,0.917,1,Finland,2020,no,1
35806.6178917772,67571107,8.01,-7.54045916249407,0.0266318650223516,0.00329710789889294,82.1756097560976,5,2.48,FRA,0.944,3.067,2.732,2.632,2.261,2.791,1.799,0.078,0.102,0.738,2.529,1.815,1.312,0.955,1.418,0.932,0.882,2.692,1.791,1.97,-0.79,0.058,1.716,0.095,0.317,2.284,-1.341,-2.395,-0.242,1.901,0.95,100,0.803,0.953,0.767,1,1.757,1,1,0.038,0.099,20,20,0.937,1.643,0.948,3,1,0.798,0.984,0.5,2.785,5,1.885,1.61,-0.882,0,0,0.143,0.5,0.333,0.051,2.95,0.881,1.914,22272,0.794,1.834,1.404,1977,0.788,0.854,1,0.957,0.916,7,0.874,1,France,2020,yes,24
6619.68860295977,2292573,21.432,-1.8377610635094,13.4988249621846,9.97982419987045,66.531,4,1.913,GAB,0.766,1.412,2.335,1.17,1.261,0.957,1.393,0.816,0.466,1.888,1.078,-0.481,0.657,0.212,-1.05,0.668,0.713,0.685,1.094,-0.049,-0.471,0.406,1.997,0.571,-0.486,0.826,0.867,2.155,1.881,-1.426,0.841,100,0.291,0.856,0.299,1,-0.707,1,1,0.736,0.784,9,10,0.911,0.195,0.778,1,1,0.1,0.718,1,0.735,4,1.426,0.928,-0.963,0,0.5,0.125,1,0.333,0.599,0.331,0.788,-0.24,10507,0.204,1.766,0.947,1959,0.742,0.784,1,0.837,0.414,7,0.693,1,Gabon,2020,no,0
655.576119206423,2573995,4.763,0.591487287873974,3.03439304457224,0,62.612,4,1.08,GMB,0.729,1.306,1.791,0.882,1.489,1.376,0.85,0.412,0.23,1.938,1.258,0.81,1.623,0.506,-1.137,0.713,0.509,1.545,0.174,0.983,1.83,0.329,2.938,0.384,-0.883,1.221,-1.92,-0.616,-1.537,0.548,0.816,100,0.379,0.869,0.359,1,0.522,0,1,0.417,0.516,5,8,0.859,0.818,0.814,1,1,0.256,1.476,1,0.563,4,1.602,1.782,0.837,0,0.214,0.143,1,0,0.301,1.011,0.872,0.034,1074,0.408,1.445,2.239,1965,0.895,0.833,1,0.888,0.782,7,0.661,1,Gambia,2020,no,0
4447.58193544814,3722716,11.73,-6.76043981705519,0.925523673088172,0.0156199754640174,72.765,1,0.668,GEO,0.863,1.04,2.611,1.156,1.937,1.828,1.154,0.167,0.15,2.367,1.765,0.836,1.711,0.582,-0.423,0.815,0.85,2.42,1.445,3.12,-1.284,0.069,1.825,0.158,1.567,0.613,-1.049,-1.557,-0.475,0.782,0.953,100,0.513,0.875,0.51,1,1.275,1,1,0.129,0.197,8,9,0.937,1.094,0.89,2,1,0.432,1.064,0,1.497,1,1.834,0.837,0.055,0,0,0.286,0,0.667,0.14,1.329,0.893,1.144,5882,0.493,1.964,2.719,1952,0.896,0.859,1,0.776,0.763,7,0.803,1,Georgia,2020,no,1
41601.9731563516,83160871,3.86,-3.82676871619293,0.0767453976974352,0.00673003142464202,81.0414634146342,5,3.497,DEU,0.906,2.01,3.297,4.006,2.719,3.232,1.997,0.011,0.022,1.786,2.336,2.542,2.168,0.974,1.965,0.977,0.902,2.95,2.572,2.386,0.056,0.037,3.538,0.022,-1.055,2.874,-0.899,-2.353,-0.94,3.12,0.976,100,0.838,0.989,0.803,1,2.856,1,1,0.013,0.008,0,4,0.974,1.86,0.97,3,0,0.803,1.104,0,3.274,5,2.881,2.129,-0.033,0,0,0,0,1,0.019,1.959,0.953,1.967,10681,0.828,2.503,3.087,1956,0.934,0.846,1,0.993,0.96,7,0.926,1,Germany,2020,yes,33
1951.06446878734,32180401,3.419,0.513941670628171,8.48657958474163,2.25284947216201,64.114,4,2.415,GHA,0.86,1.709,1.697,-0.694,1.665,1.819,1.736,0.706,0.142,2.579,0.447,1.513,1.158,0.74,0.277,0.834,0.579,3.436,-0.269,2.227,-1.769,0.095,2.146,0.119,-0.398,0.591,-2.041,-0.606,-0.379,1.298,0.941,100,0.605,0.905,0.542,1,0.676,1,1,0.65,0.747,10,13,0.896,1.267,0.868,3,1,0.577,1.562,1,0.882,4,1.467,2.487,1.709,0,0.15,0.05,1,0.333,0.251,1.27,0.922,-0.136,6932,0.62,2.084,2.098,1944,0.939,0.773,1,0.9,0.858,7,0.718,1,Ghana,2020,yes,10
17283.2457234913,10698599,15.9,-9.31643576478743,0.0388459707205932,0.00652358198539234,81.2878048780488,5,1.965,GRC,0.804,1.741,2.78,1.361,2.862,1.547,0.792,0.209,0.047,1.265,0.9,1.5,1.509,0.956,2.123,0.893,0.927,1.849,2.54,1.655,-0.759,0.082,1.355,0.079,0.298,2.622,-1.75,-2.106,-0.475,1.243,0.938,100,0.719,0.949,0.689,1,1.983,1,1,0.193,0.193,0,1,0.97,1.491,0.768,3,0,0.708,-0.364,0,2.861,5,1.645,0.485,-0.127,0,0,0.188,0,0.667,0.045,1.221,0.874,1.157,16274,0.704,2.811,2.819,1956,0.904,0.858,1,0.975,0.863,6,0.845,1,Greece,2020,yes,50
4124.14353853545,16858333,2.88,-1.79185769458479,1.35250209053897,0.0532892177587073,71.797,2,0.314,GTM,0.768,1.45,0.618,-0.413,0.764,0.913,0.938,0.803,0.815,2.188,0.341,-0.348,-0.964,0.53,-0.95,0.461,0.202,1.117,-1.062,-0.475,-1.331,0.598,-1.194,0.846,-0.729,2.237,-1.33,-0.946,-0.63,0.603,0.733,100,0.299,0.55,0.229,1,0.272,1,1,0.737,0.803,18,35,0.658,0.735,0.65,2,1,0.311,1.496,1,-1.399,2,-0.361,1.505,0.531,0,0.214,0,1,0,0.381,0.243,0.712,-0.779,9704,0.384,0.665,0.462,1956,0.701,0.547,1,0.291,0.661,7,0.306,1,Guatemala,2020,yes,3
959.43197301356,13205153,6.064,4.92026637152216,4.8276880509577,0,59.327,4,-0.084,GIN,0.815,-0.761,-1.008,-1.466,-0.332,-0.443,1.744,0.873,0.683,0.946,0.147,0.071,0.164,0.165,-1.328,0.243,0.165,-0.743,-1.156,-0.667,-2.028,0.762,0.585,0.664,2.434,-0.762,0.674,-0.091,2.393,-0.726,0.241,100,0.12,0.264,0.174,1,-0.822,1,1,0.829,0.867,4,11,0.252,-0.107,0.324,1,1,0.049,0.791,1,-0.071,4,0.94,1.103,-2.211,0,0.5,0,1,0,0.764,1.4,0.391,-0.75,0,0.119,-0.89,-0.285,1938,0.418,0.331,1,0.234,0.24,7,0.403,1,Guinea,2020,no,0
604.595148098772,2015828,3.72,-2.39999999921721,11.1515860354561,0,59.999,4,0.55,GNB,0.641,1.546,1.643,-1.124,0.633,0.996,0.427,0.795,0.613,1.774,0.263,0.067,0.445,0.646,0.021,0.399,0.229,1.679,-0.601,-0.033,-0.544,0.497,1.566,0.609,-0.755,1.585,-1.13,0.696,-1.129,0.313,0.816,100,0.261,0.713,0.28,1,0.408,1,1,0.88,0.796,4,13,0.858,0.654,0.708,2,1,0.298,0.077,0,-0.521,4,1.13,2.175,0.897,0,0.125,0.125,0,0.667,0.498,0.663,0.841,-0.975,2018,0.337,1.555,0.5,1972,0.872,0.874,1,0.404,0.572,7,0.441,1,Guinea-Bissau,2020,no,0
9126.79142451246,797202,15.69,43.479651716849,13.8985430832365,7.3763575857274,68.486,2,0.68,GUY,0.77,2.04,2.567,0.609,1.123,1.963,0.778,0.422,0.37,2.102,1.476,0.972,0.512,0.534,1.946,0.614,0.694,1.449,0.709,1.07,-2.055,0.316,1.143,0.266,0.887,1.685,-0.722,-0.143,-1.649,-0.656,0.945,100,0.38,0.857,0.421,1,0.405,0,1,0.532,0.461,0,1,0.957,0.873,0.861,2,0,0.344,1.387,1,0.471,10,1.179,2.1,1.052,0,0.1,0.1,0,0,0.319,1.2,0.872,1.018,9944,0.405,2.539,1.804,1980,0.894,0.686,1,0.733,0.663,6,0.698,1,Guyana,2020,no,6
1324.28328555251,11306801,15.646,-3.30550547264819,0.577844130610775,0,64.052,2,-1.069,HTI,0.776,1.124,0.196,-1.297,0.881,-0.033,-0.318,0.908,0.717,1.001,0.249,-0.909,-0.776,0.237,-1.317,0.579,0.105,1.246,-1.922,-0.204,-1.641,0.592,-1.106,0.914,0.322,1.039,-1.529,-1.1,1.374,1.363,0.798,100,0.261,0.454,0.112,1,-1.989,1,1,0.671,0.896,5,13,0.668,0.468,0.385,1,1,0.101,-1.403,0.5,-1.112,2,-1.206,1.589,0.019,0,0.062,0.062,0.5,0.333,0.431,0.591,0.65,-1.522,4979,0.223,1.078,0.111,1968,0.797,0.428,1,0.245,0.478,7,0.164,1,Haiti,2020,no,2
2190.97436850337,10121763,10.68,-8.96476018404584,1.23326098347167,4.45541908214536e-4,71.462,2,-0.941,HND,0.631,1.295,1.05,-0.004,1.205,1.03,0.779,0.78,0.448,2.046,0.229,0.635,-1.222,0.186,-0.38,0.574,0.158,1.062,-1.38,1.044,-2.301,0.445,0.076,0.633,1.002,1.699,-2.147,-2.146,0.058,-0.614,0.854,100,0.258,0.619,0.152,1,0.318,1,1,0.853,0.759,10,23,0.757,0.421,0.795,1,1,0.095,-0.064,1,-0.931,2,-0.624,1.739,1.313,0,0.4,0.2,1,0.667,0.33,0.406,0.833,0.511,3625,0.235,1.072,1.735,1968,0.823,0.747,1,0.304,0.505,7,0.272,1,Honduras,2020,no,2
41451.2867158741,7481000,5.81,-6.54479911001556,8.87798126199827e-4,1.1978734728514e-4,85.4975609756098,6,0.155,HKG,0.639,0.261,2.166,0.332,0.807,2.063,-1.255,0.094,0.202,0.558,0.042,-1.269,0.201,0.674,0.931,0.264,0.881,-0.019,2.382,2.278,-1.844,0.081,0.753,0.192,3.49,-1.787,-0.003,-0.579,-0.348,-1.479,0.545,100,0.114,0.788,0.235,1,0.003,1,0,0.106,0.169,0,0,0.831,0.187,0.877,0,0,0,0.749,1,1.652,6,1.594,0.669,-1.267,0,0,0.8,0,0,0.44,-0.742,0.822,1.589,0,0.203,0.75,-0.784,1957,0.88,0.882,0,0.746,0.549,2,0.65,1,Hong Kong SAR China,2020,no,0
14430.4768288416,9750149,4.25,-4.53555083281567,0.204655214271402,0.0833512506762371,75.5682926829269,1,-0.055,HUN,0.42,-0.013,3.141,0.76,1.094,2.517,1.852,0.692,0.219,1.151,0.693,0.776,-0.206,0.62,0.046,0.431,0.637,1.878,0.744,3.157,-2.986,0.063,0.985,0.135,2.518,0.672,-0.217,-0.542,-0.148,0.445,0.802,100,0.243,0.887,0.333,1,0.844,1,1,0.23,0.75,0,0,0.978,0.489,0.926,1,0,0.215,1.54,0,1.592,1,1.107,1.222,1.139,0,0,0.083,0,0.667,0.246,-0.315,0.869,1.614,0,0.356,2.814,0.181,1959,0.929,0.721,1,0.864,0.711,6,0.658,1,Hungary,2020,no,0
52486.039054903304,366463,5.48,-7.2156705720011,1.0879409889394e-4,0,83.0634146341463,5,2.183,ISL,0.922,1.968,3.246,2.168,2.045,3.165,1.565,0.014,0.057,2.355,2.257,1.29,2.746,0.929,2.127,0.939,0.976,2.87,3.318,2.103,0.507,0.082,1.665,0.041,-1.045,2.233,-2.053,-2.67,-1.375,1.088,0.93,100,0.789,0.977,0.769,1,1.716,1,1,0.01,0.02,9,9,0.99,1.483,0.966,3,1,0.772,-1.156,0,3.158,5,2.105,2.189,0.844,0,0,0.214,0,1,0.056,0.87,0.953,1.386,27590,0.779,3.67,2.853,1968,0.948,0.841,1,0.962,0.919,7,0.901,1,Iceland,2020,no,0
1813.53455273221,1396387127,7.86,-5.83105322050864,1.78466920695081,0.144343868543637,70.15,6,0.958,IND,0.599,-0.478,0.117,-0.874,1.078,1.183,2.182,0.517,0.598,0.032,-0.661,0.257,0.927,0.51,-0.919,0.572,0.35,0.765,-1.034,0.386,-1.364,0.482,0.284,0.434,1.342,0.458,-0.3,-0.018,0.003,0.553,0.598,100,0.271,0.628,0.247,1,1.272,1,1,0.683,0.451,0,0,0.594,0.445,0.733,1,0,0.15,1.616,0,-0.176,8,0.908,-0.186,-2.096,0,0,0.222,0,1,0.269,0.023,0.624,-0.486,25541,0.31,0.665,-1.327,1945,0.627,0.714,1,0.646,0.68,6,0.507,1,India,2020,yes,450
3780.12163441585,271857970,4.25,-2.06551182934165,2.43866732275102,0.287189045702826,68.808,6,0.194,IDN,0.861,1.003,0.731,0.512,1.783,1.045,0.942,0.769,0.576,0.064,0.354,0.974,0.906,0.705,-0.777,0.903,0.375,-0.621,-0.669,1.212,-0.3,0.328,-0.246,0.636,0.183,0.764,0.178,0.508,0.059,0.462,0.811,100,0.529,0.684,0.313,1,0.63,1,1,0.833,0.725,5,5,0.712,0.985,0.717,2,1,0.387,0.738,1,0.217,7,-0.293,0.203,-1.348,0,0.25,0.15,1,0,0.53,1.149,0.733,-0.37,6352,0.429,0.974,0.846,1961,0.793,0.697,1,0.562,0.686,7,0.434,1,Indonesia,2020,yes,19
5141.08477649301,87290193,9.69,3.33028845926594,23.2391718001181,13.2733495355914,74.832,3,0.479,IRN,0.353,-1.117,-0.677,0.597,-0.694,1.15,1.195,0.756,0.628,-0.934,-0.511,-0.194,0.247,0.302,0.433,0.411,0.66,-0.997,0.543,-0.739,-1.18,0.856,-0.688,0.517,0.747,-1.162,1.627,0.67,-1.023,0.61,0.377,100,0.137,0.438,0.176,1,-0.575,1,1,0.686,0.689,12,13,0.302,-0.332,0.725,1,1,0.005,-0.209,0.5,0.912,3,1.236,-1.847,-1.311,0,0.156,0.125,0.5,0.333,0.78,-0.009,0.395,0.033,14884,0.143,-0.754,-1.636,1939,0.509,0.739,1,0.514,0.435,8,0.549,1,Iran,2020,yes,7
4170.39204821397,42556984,15.746,-12.0367930920856,27.4170131896725,27.035001916172,69.123,3,-0.404,IRQ,0.787,-0.424,-0.87,-1.736,0.677,0.864,-0.375,0.89,0.835,0.361,-1.004,0.255,-0.684,0.365,-1.679,0.565,0.386,0.017,-0.421,-0.747,-2.482,0.835,-0.051,0.811,1.153,-0.732,0.472,-1.191,0.57,1.027,0.331,100,0.246,0.296,0.188,1,-0.401,1,1,0.822,0.896,0,2,0.194,0.407,0.678,1,0,0.106,0.72,0,-0.168,3,-0.057,-0.94,-3.894,0,0.188,0.25,0,0.667,0.835,-0.352,0.475,-1.187,752,0.211,-1.54,-0.079,1960,0.437,0.519,1,0.304,0.46,6,0.388,1,Iraq,2020,yes,764
79441.7086843532,4985382,5.62,6.61719466830968,0.0367626864571587,9.6047242789138e-4,82.5560975609756,5,3.057,IRL,0.95,2.816,2.932,2.526,2.281,2.456,1.587,0.027,0.044,2.367,2.835,2.085,1.15,0.933,2.257,0.899,0.854,2.209,2.424,2.815,0.178,0.067,2.469,0.066,-2.607,2.635,-1.438,-2.677,-1.167,2.012,0.978,100,0.796,0.978,0.79,1,2.493,1,1,0.02,0.022,8,8,0.976,1.748,0.926,3,1,0.821,0.627,0,3.009,5,2.74,2.474,0.178,0,0,0.111,0,0.667,0.037,2.859,0.943,1.525,29952,0.824,2.994,3.044,1941,0.91,0.886,1,0.978,0.938,7,0.887,1,Ireland,2020,yes,10
38176.7543372587,9215100,4.17,-1.85728927811242,0.272440677318125,0.00760868223036897,82.6487804878049,3,2.089,ISR,0.853,2.278,1.894,1.481,1.446,2.015,1.552,0.178,0.288,1.039,1.622,1.199,1.764,0.878,-0.037,0.776,0.809,1.147,0.663,1.713,-0.834,0.119,1.504,0.163,1.081,1.802,-2.377,-0.987,-0.574,2.404,0.932,100,0.575,0.907,0.595,1,1.618,1,1,0.074,0.235,0,3,0.886,1.317,0.874,3,0,0.583,0.328,0,1.364,3,1.972,2.161,-0.463,0,0,0.125,0,0.667,0.264,0.938,0.838,1.293,26163,0.645,1.727,0.966,1939,0.751,0.806,1,0.927,0.896,6,0.805,1,Israel,2020,yes,67
29375.037340835,59438851,9.16,-8.97419212060699,0.0559705463881882,0.0398531422796994,82.1951219512195,5,1.78,ITA,0.868,1.962,2.552,1.313,1.448,2.461,1.916,0.1,0.034,2.445,2.522,2.464,2.639,0.941,-0.601,0.917,0.95,3.116,2.266,2.153,-0.804,0.044,2.109,0.051,1.099,2.412,-1.423,-1.887,-1.292,2.123,0.971,100,0.775,0.931,0.778,1,1.74,1,1,0.182,0.07,0,0,0.926,1.68,0.933,3,0,0.769,0.372,0,3.07,5,2.131,2.169,-0.214,0,0,0,0,0.667,0.027,1.088,0.864,2.095,26297,0.774,1.789,2.735,1941,0.765,0.673,1,0.98,0.91,6,0.919,1,Italy,2020,yes,13
4769.69360785552,2820436,6.5,-9.92032244889079,0.32243252555047,0.11529077951409,71.869,2,1.411,JAM,0.931,2.372,1.38,1.74,1.483,2.079,1.768,0.26,0.118,2.512,1.582,1.48,1.42,0.867,-0.073,0.829,0.781,2.901,1.111,2.293,0.454,0.062,1.055,0.203,-0.976,2.406,-1.605,-0.857,-2.485,1.036,0.967,100,0.68,0.906,0.663,1,0.987,1,1,0.132,0.355,0,0,0.886,1.493,0.874,2,0,0.708,0.496,0,1.13,10,1.848,2.14,0.211,0,0.125,0.125,0,0.333,0.12,2.095,0.92,1.883,20966,0.708,2.216,2.383,1951,0.926,0.868,1,0.852,0.872,1,0.799,1,Jamaica,2020,no,0
34650.7967802766,126261000,2.81,-4.14711889947692,0.0969972012044505,7.10792505710748e-4,84.56,6,2.818,JPN,0.866,1.691,3.118,1.747,0.968,2.529,1.78,0.105,0.023,1.661,1.779,2.522,1.51,0.94,1.717,0.914,0.973,2.31,3.446,2.552,1.718,0.112,2.196,0.015,-1.719,2.484,-0.696,-1.076,-2.042,1.819,0.904,100,0.754,0.957,0.763,1,1.816,1,1,0.033,0.138,0,0,0.966,1.532,0.921,3,0,0.746,-0.604,0,2.783,6,3.308,2.582,1.675,0,0,0.25,0,1,0.029,0.987,0.893,2.36,24718,0.74,2.325,2.941,1960,0.88,0.832,1,0.968,0.881,4,0.923,1,Japan,2020,no,0
3784.76252307437,10928721,19.21,-1.10275188309046,0.0516759121146319,4.67720334463903e-4,75.184,3,0.77,JOR,0.678,0.321,0.851,0.252,0.679,1.081,0.789,0.378,0.484,-0.454,-0.009,0.109,0.721,0.49,-2.103,0.611,0.705,1.345,0.651,0.762,-0.034,0.345,0.797,0.333,-0.438,-0.303,0.397,0.718,-1.212,0.621,0.698,100,0.219,0.719,0.228,1,1.122,1,1,0.498,0.313,0,0,0.707,0.47,0.743,0,0,0,-0.703,1,0.881,3,2.051,-0.532,0.047,0.722,0.056,0,0,0,0.333,-0.418,0.61,-0.447,24836,0.241,0.808,0.16,1962,0.632,0.853,1,0.832,0.687,4,0.642,1,Jordan,2020,no,0
10974.2446417632,18755666,4.89,-2.49999999628,12.8406951964892,7.12577724575059,71.37,1,-0.155,KAZ,0.257,0.024,1.145,-0.502,0.739,1.772,1.103,0.869,0.414,-0.881,-0.063,-0.536,-0.479,0.283,0.737,0.345,0.759,-0.412,1.169,1.138,0.671,0.269,0.906,0.383,-0.09,-0.414,-0.797,-0.095,-1.027,-0.991,0.512,100,0.134,0.576,0.205,1,-0.211,0,1,0.713,0.855,6,6,0.558,-0.275,0.8,1,1,0.022,-0.001,1,1.955,1,0.445,-0.299,0.253,0,0,0.3,1,0,0.202,-0.761,0.622,1.561,10242,0.12,-0.609,-0.024,1953,0.728,0.632,1,0.606,0.305,7,0.583,1,Kazakhstan,2020,no,3
1616.50240405855,51985780,5.628,-0.272766327438816,1.26881196888613,0,62.675,4,1.304,KEN,0.858,2.06,-0.353,1.036,0.488,0.343,1.789,0.672,0.482,0.926,0.645,0.95,0.286,0.341,-0.334,0.866,0.488,1.447,0.557,0.8,-0.204,0.362,1.114,0.483,-0.058,0.951,-0.985,0.607,-0.865,1.495,0.866,100,0.423,0.698,0.308,1,0.699,1,1,0.595,0.658,11,12,0.519,0.833,0.614,1,1,0.216,0.254,1,-0.461,4,0.505,2.22,0.48,0,0.214,0.143,1,0.333,0.463,1.049,0.714,-0.828,6210,0.379,0.6,0.854,1961,0.726,0.693,1,0.687,0.749,7,0.574,1,Kenya,2020,yes,66
23929.4828682697,4360444,3.454,-8.85527888535746,29.2848672951013,27.5816891390019,76.92,3,1.645,KWT,0.67,0.319,1.78,0.018,1.577,1.339,1.967,0.431,0.28,0.173,0.738,0.31,0.449,0.762,1.176,0.749,0.935,0.644,2.637,1.253,-1.049,0.469,-0.726,0.246,-1.451,0.267,-1.706,-1.07,-1.923,1.455,0.467,100,0.293,0.701,0.259,1,-0.025,1,1,0.504,0.412,0,0,0.752,0.497,0.693,0,0,0.048,-0.515,1,1.81,3,1.257,-0.055,0.897,0.714,0.071,0,0,0,0.228,0.227,0.572,0.797,10168,0.297,0.31,0.17,1937,0.577,0.289,0,0.765,0.76,4,0.646,1,Kuwait,2020,no,0
1117.70384794544,6579900,4.63,-7.14897757727955,6.52758010092793,0.0514871230911807,71.8,1,0.583,KGZ,0.629,0.22,1.181,0.124,1.152,1.746,1.198,0.775,0.374,0.057,0.236,0.291,0.537,0.312,-1.066,0.507,0.624,1.068,0.789,1.025,-2.231,0.339,1.472,0.444,1.266,-0.317,0.276,-0.947,1.273,0.286,0.666,100,0.24,0.647,0.274,1,0.314,0,1,0.722,0.682,3,7,0.603,0.405,0.816,1,1,0.119,1.268,0,1.405,1,1.037,0.925,-0.386,0,0,0.167,0,0.667,0.266,0.992,0.697,0.095,3474,0.262,-0.333,0.376,1976,0.591,0.801,1,0.533,0.577,7,0.607,1,Kyrgyzstan,2020,no,2
2539.12452451311,7319399,3.862,0.503031829018681,2.81746694955522,0,68.497,6,-0.512,LAO,0.014,-1.639,-1.547,-0.304,-0.91,-0.719,0.917,0.68,0.482,-0.915,-2.745,-0.413,1.078,0.161,1.992,0.222,0.365,-1.55,-0.229,1.336,1.855,0.272,-0.417,0.483,0.549,-2.156,-1.189,1.616,-1.896,-0.179,0.11,100,0.071,0.198,0.136,1,0.31,1,1,0.646,0.604,0,0,0.176,-0.986,0.237,0,0,0,0.306,0.5,0.078,7,0.676,-0.505,1.499,0,0.125,0.75,0,0.333,0.37,-2.59,0.194,-0.021,16100,0.085,-1.067,-1.073,1937,0.264,0.297,1,0.23,0.278,2,0.47,1,Laos,2020,no,0
15312.3350649782,1900449,8.1,-3.51380284197906,1.27458711674516,0.0314235592999339,75.1853658536585,1,1.785,LVA,0.886,2.657,2.421,1.917,2.011,2.31,1.258,0.051,0.044,1.936,2.065,1.043,1.546,0.894,1.631,0.808,0.795,2.31,1.308,3.506,0.32,0.03,1.893,0.023,-2.448,2.126,-0.841,-1.68,-0.693,0.848,0.974,100,0.675,0.954,0.694,1,2.136,1,1,0.114,0.037,0,0,0.972,1.535,0.906,3,0,0.722,1.361,0,2.413,1,2.903,2.171,2.325,0,0.071,0,0,1,0.024,1.684,0.937,1.996,10359,0.739,3.282,2.652,1955,0.923,0.946,1,0.908,0.908,6,0.833,1,Latvia,2020,yes,0
6485.72603986915,5662923,13.274,-21.3998996914321,0.00223718784227487,0,77.804,3,-0.097,LBN,0.773,0.617,1.425,-1.083,1.6,1.042,-0.065,0.712,0.484,1.646,0.503,0.8,-1.11,0.341,-2.074,0.673,0.442,1.726,0.064,0.17,-2.196,0.58,0.782,0.61,1.167,0.758,-1.045,-0.369,1.61,0.334,0.743,100,0.326,0.612,0.23,1,0.007,1,1,0.795,0.698,0,0,0.746,0.555,0.708,1,0,0.178,0.23,0,0.641,3,0.088,1.276,-1.441,0,0.1,0.15,0,1,0.494,0.815,0.686,0.356,5362,0.269,0.604,0.759,1935,0.494,0.595,1,0.568,0.521,6,0.416,1,Lebanon,2020,yes,10
944.247169219343,2254100,18.456,-7.4587170594629,4.55548495060365,0,54.693,4,1.427,LSO,0.772,1.494,0.788,0.616,1.546,0.942,0.932,0.389,0.264,2.023,0.43,1.622,2.066,0.673,0.646,0.829,0.81,1.628,1.869,1.176,-0.922,0.37,1.537,0.33,0.039,1.032,0.596,1.047,-1.188,1.718,0.862,100,0.526,0.832,0.503,1,0.687,1,1,0.639,0.382,0,0,0.705,1.061,0.788,2,0,0.441,0.327,0,0.864,4,1.533,2.237,-0.677,0.188,0.125,0.25,0,1,0.503,1.365,0.863,-0.589,9769,0.502,0.897,1.472,1963,0.832,0.815,1,0.863,0.778,4,0.784,1,Lesotho,2020,no,0
612.38424757045,5087584,4.124,-2.98249127649473,17.4661654481066,0,60.948,4,0.105,LBR,0.828,2.327,1.391,0.007,2.4,1.527,1.19,0.809,0.675,1.539,0.84,1.406,0.178,0.605,-0.47,0.612,0.351,0.692,-0.201,0.626,1.055,0.537,0.983,0.693,-0.157,0.59,-0.022,0.852,-0.44,0.91,0.939,100,0.421,0.769,0.414,1,0.994,0,1,0.786,0.76,6,27,0.836,1.072,0.764,2,1,0.446,0.694,1,-1.351,4,0.945,1.12,0.917,0,0.167,0.167,1,0.333,0.56,1.834,0.862,-2.139,5095,0.472,1.541,1.924,1966,0.825,0.871,1,0.599,0.709,7,0.591,1,Liberia,2020,yes,0
6431.46291126847,6653942,19.708,-29.7871479885529,11.4789831280341,9.24399152945122,72.472,3,-2.445,LBY,0.765,-1.059,-1.583,-2.636,-0.282,0.831,-1.059,0.701,0.637,0.316,-0.106,1.382,0.212,0,-1.543,0.664,0.351,-0.779,0.312,-0.324,-1.405,0.695,-0.678,0.456,3.187,0.688,1.62,-1.006,1.035,0.9,0.411,100,0.238,0.101,0.188,0,-0.789,1,1,0.888,0.639,0,0,0.149,0.333,0.592,0,0,0,-0.558,1,0.336,3,0.66,-1.807,-2.235,0,0.417,0.083,0,0.667,0.629,0.26,0.256,-0.56,3052,0.148,-1.372,1.137,1960,0.212,0.245,1,0.1,0.372,6,0.502,0,Libya,2020,yes,17
17247.543693303902,2794885,8.49,-0.0246124952916773,0.310782585398606,0.00844361118604004,74.9780487804878,1,1.291,LTU,0.94,1.672,2.883,1.357,1.962,2.885,1.772,0.043,0.02,2.322,2.175,2.681,1.794,0.91,1.206,0.816,0.904,2.79,1.937,3.393,1.9,0.048,2.157,0.056,-2.397,2.674,-1.874,-3.251,-1.785,2.647,0.829,100,0.67,0.944,0.701,1,2.708,1,1,0.119,0.022,12,12,0.978,1.47,0.941,2,1,0.701,-0.02,0,3.018,1,1.683,1.937,2.202,0,0,0.143,0,0.667,0.022,2.118,0.916,1.721,9897,0.753,3.139,2.217,1964,0.833,0.897,1,0.934,0.95,7,0.871,1,Lithuania,2020,no,0
104616.03467801,630419,6.77,-0.909829798886719,0.00666359766515693,0,82.1439024390244,5,2.892,LUX,0.947,2.679,2.39,3.129,1.367,2.63,1.603,0.01,0.11,2.341,2.04,1.726,2.103,0.954,1.994,0.971,0.969,2.843,3.15,1.917,1.456,0.093,2.612,0.023,-2.312,3.041,-1.773,-1.087,-2.726,2.223,0.956,100,0.839,0.967,0.815,1,1.647,1,1,0.021,0.009,0,0,0.963,1.718,0.933,3,0,0.811,1.408,0,2.51,5,3.376,1.973,0.505,0,0,0.167,0,0.667,0.024,2.136,0.862,1.969,27505,0.794,2.934,2.825,1955,0.682,0.872,1,0.988,0.902,4,0.939,1,Luxembourg,2020,no,0
433.838239991494,28225177,2.21,-7.13767162064489,5.65950524677075,0.0494868182948729,65.182,4,0.071,MDG,0.734,0.962,0.816,-0.538,0.742,1.858,0.472,0.764,0.749,1.465,0.37,0.659,-0.271,0.442,-1.047,0.473,0.115,0.568,-2.292,0.13,-0.889,0.497,0.537,0.84,0.904,0.381,-2.029,-1.88,0.929,-0.003,0.719,100,0.287,0.614,0.222,1,0.096,1,1,0.723,0.638,4,15,0.682,0.647,0.887,2,1,0.263,0.344,1,-0.418,4,-0.112,1.093,0.831,0,0.25,0,1,0.667,0.603,0.924,0.744,-1.003,2166,0.267,0.664,1.955,1974,0.714,0.55,1,0.465,0.432,7,0.329,1,Madagascar,2020,no,0
562.783038786531,19377061,5.736,0.799998330902724,4.09928170325885,0,63.717,4,2.263,MWI,0.828,1.406,2.062,1.129,2.087,1.327,1.599,0.589,0.434,1.624,1,0.679,1.86,0.517,0.559,0.8,0.323,1.223,-0.875,0.993,1.365,0.496,1.753,0.638,-0.56,0.941,-2.063,0.946,-0.607,1.262,0.86,100,0.453,0.891,0.336,1,0.867,1,1,0.69,0.558,7,7,0.918,1.12,0.751,2,1,0.329,1.55,1,0.344,4,1.412,1.711,0.216,0,0.25,0.188,1,0,0.527,1.388,0.858,-1.178,9360,0.474,2.127,1.34,1955,0.85,0.791,1,0.819,0.839,7,0.529,1,Malawi,2020,no,0
10382.7274795282,33199993,4.54,-5.45684658426701,4.54156531962687,0.685563649053848,75.938,6,0.608,MYS,0.522,0.022,2.172,-0.366,0.395,1.203,1.638,0.519,0.523,0.565,0.426,-0.15,0.257,0.468,-0.747,0.624,0.86,0.712,2.01,0.26,0.234,0.407,0.379,0.389,1.555,-0.235,-0.381,0.112,0.932,-0.403,0.637,100,0.295,0.713,0.319,1,1.042,1,1,0.325,0.584,0,0,0.822,0.385,0.721,1,0,0.166,1.354,0,0.823,7,0.972,-0.275,0.047,0.125,0,0.25,0,0.667,0.321,0.391,0.685,0.742,600,0.298,0.62,0.989,1959,0.807,0.759,1,0.758,0.627,3,0.685,1,Malaysia,2020,no,1
7164.30739218603,514438,5.477,-32.9088287284425,0.00502406983438185,0,79.875,6,1.089,MDV,0.748,1.237,1.855,0.138,1.139,1.16,1.655,0.379,0.206,0.496,1.881,0.972,1.292,0.66,0.987,0.709,0.609,1.488,0.694,0.588,0.861,0.439,1.818,0.219,0.995,1.51,-1.462,-0.963,-0.375,0.889,0.896,100,0.442,0.679,0.409,1,1.728,0,1,0.303,0.328,14,14,0.869,0.89,0.703,2,1,0.388,1.453,1,1.071,8,1.146,-2.592,-1.033,0,0.1,0.1,1,0.333,0.303,0.771,0.574,0.148,4067,0.443,1.525,1.5,1962,0.633,0.759,1,0.613,0.715,7,0.645,1,Maldives,2020,yes,2
745.885984785402,21224040,3.53,-1.235450447077,9.46967710138959,0,58.633,4,1.213,MLI,0.858,1.895,1.191,-0.646,1.278,1.277,0.44,0.74,0.495,1.794,0.905,0.729,1.094,0.373,-1.648,0.8,0.203,0.416,-1.157,-0.255,-0.751,0.623,1.475,0.652,1.161,-0.076,1.986,0.642,0.527,-1.08,0.788,100,0.345,0.713,0.257,1,0.624,1,1,0.753,0.691,0,12,0.761,0.675,0.729,1,1,0.113,1.481,1,0.537,4,1.817,0.471,-1.352,0,0.9,0.1,1,0.333,0.555,1.513,0.746,-0.788,0,0.247,0.963,0.32,1950,0.777,0.566,1,0.694,0.527,5,0.556,1,Mali,2020,yes,138
26077.6273444161,515332,4.35,-8.07797287148773,0,0,82.3487804878049,5,1.466,MLT,0.849,1.246,2.264,1.116,2.203,2.156,1.167,0.259,0.073,2.233,0.555,1.934,1.372,0.885,2.073,0.786,0.941,2.323,2.213,2.004,-1.158,0.081,1.404,0.052,1.593,2.743,-1.964,-2.803,-1.916,-0.115,0.841,100,0.616,0.91,0.676,1,1.303,1,1,0.174,0.34,0,0,0.93,1.203,0.87,2,0,0.644,1.477,0,2.925,5,2.24,1.808,0.223,0,0,0.1,0,1,0.266,0.876,0.887,1.792,16454,0.632,2.092,2.022,1942,0.752,0.891,1,0.902,0.809,6,0.886,1,Malta,2020,no,0
1588.36203400464,4498604,11.168,-0.360657378942108,2.43870903966116,0,64.532,4,-0.04,MRT,0.672,0.416,2.016,-0.146,0.814,1.268,1.398,0.796,0.864,1.258,0.382,-0.846,0.973,0.43,-2.049,0.702,0.299,-1.601,-1.581,-0.555,-1.178,0.716,-1.098,0.897,-0.804,-0.008,1.337,1.679,0.607,-0.938,0.807,100,0.309,0.491,0.14,1,0.365,0,1,0.849,0.763,3,12,0.704,0.39,0.736,1,1,0.131,1.289,0.5,0.647,4,-0.762,-1.173,0.305,0,0.35,0,0.5,0,0.848,0.797,0.573,-1.431,487,0.183,-0.316,0.239,1956,0.707,0.285,1,0.294,0.345,7,0.227,1,Mauritania,2020,no,0
9362.8743588779,1266014,8.63,-14.5465381498404,0.00262996135685098,0,74.1770731707317,4,0.665,MUS,0.906,0.46,0.871,-0.864,1.599,1.75,0.622,0.611,0.247,1.356,0.878,0.755,0.347,0.575,0.452,0.851,0.856,1.746,1.914,1.921,-0.019,0.128,2.289,0.189,0.806,0.36,-0.825,0.918,1.203,1.19,0.836,100,0.481,0.792,0.447,1,1.411,1,1,0.341,0.663,0,0,0.831,1.025,0.803,2,0,0.338,1.432,0,1.905,4,1.988,1.76,-1.287,0,0,0.25,0,0.667,0.341,0.963,0.854,1.865,18921,0.458,2.035,1.132,1959,0.835,0.846,1,0.767,0.798,6,0.773,1,Mauritius,2020,no,0
9273.81099988452,125998302,4.44,-8.65158681905974,1.55983378352436,0.867384554620089,70.133,2,-0.109,MEX,0.801,1.712,0.576,0.001,2.053,1.77,1.895,0.481,0.465,1.27,0.456,1.173,1.055,0.773,-0.974,0.517,0.316,1.119,-0.686,0.375,-1.852,0.498,-0.254,0.691,1.427,2.085,-1.054,-0.749,-1.557,-0.704,0.822,100,0.384,0.62,0.363,1,0.277,1,1,0.483,0.383,19,20,0.5,0.923,0.838,2,1,0.469,1.094,1,-0.112,2,-0.026,1.253,0.078,0,0.143,0,1,0.667,0.259,0.753,0.856,0.259,7121,0.406,-0.507,1.126,1953,0.891,0.634,1,0.335,0.558,7,0.478,1,Mexico,2020,yes,13
3189.33637655884,2635130,1.21,-8.27597831976949,0.245939852669041,0.00619089364526559,70.166,1,0.657,MDA,0.748,0.827,1.797,0.694,0.803,2.655,0.685,0.632,0.215,0.926,1.473,1.142,0.607,0.676,-0.315,0.612,0.683,1.906,1.298,1.267,0.23,0.141,1.542,0.22,-0.126,1.929,-0.945,-0.569,1.055,1.151,0.888,100,0.424,0.776,0.448,1,0.61,0,1,0.713,0.673,7,7,0.818,0.997,0.935,2,1,0.441,-0.158,0,2.04,1,1.139,1.666,2.088,0,0,0.25,0,0.667,0.222,0.497,0.774,0.364,9287,0.502,0.95,1.732,1972,0.659,0.719,1,0.733,0.78,7,0.669,1,Moldova,2020,no,0
4106.60268340307,3294335,6.59,-4.55775197583431,13.4736928829141,0.567774921103161,72.141,1,0.484,MNG,0.757,1.445,3.005,1.212,1.329,2.618,0.548,0.6,0.241,1.762,1.443,0.811,0.782,0.651,-0.849,0.8,0.695,1.428,0.952,1.655,0.71,0.229,2.678,0.347,-0.135,1.298,-1.131,-1.567,-2.25,1.763,0.974,100,0.518,0.834,0.475,1,1.153,1,1,0.613,0.546,8,8,0.907,1.093,0.934,2,1,0.458,1.335,0,0.892,1,1.399,1.212,0.309,0,0,0.125,0,0.667,0.209,0.927,0.851,0.202,10184,0.523,0.983,1.402,1963,0.78,0.799,1,0.72,0.8,7,0.706,1,Mongolia,2020,no,0
6515.53680560451,621306,17.88,-15.3068937570407,0.723002993565649,0,75.9317073170732,1,1,MNE,0.719,0.74,1.822,1.078,0.901,2.035,1.275,0.605,0.258,-0.141,0.43,1.274,1.713,0.372,-0.228,0.801,0.856,1.175,1.923,1.028,-2.475,0.339,1.51,0.182,1.765,1.631,0.381,-1.167,-0.064,0.739,0.861,100,0.402,0.817,0.399,1,2.044,1,1,0.313,0.581,6,6,0.874,0.738,0.908,1,1,0.225,1.521,0,2.084,1,1.615,-0.035,-0.115,0,0,0.167,0,1,0.404,0.945,0.698,1.238,4957,0.38,1.601,1.665,1962,0.579,0.892,1,0.812,0.744,7,0.79,1,Montenegro,2020,no,0
3081.662109375,36688772,11.726,-7.17820744246774,0.296128236742874,8.39572708870582e-4,73.92,3,-0.242,MAR,0.626,0.457,1.726,-0.58,1.319,1.343,1.121,0.372,0.316,-1.514,0.157,0.727,1.462,0.462,-0.851,0.722,0.423,1.957,-0.709,0.855,1.033,0.394,1.383,0.381,-0.498,-0.04,0.193,-0.43,0.506,0.85,0.623,100,0.253,0.683,0.19,1,0.498,1,1,0.71,0.286,0,0,0.759,0.354,0.82,0,0,0,-0.053,1,0.761,3,1.249,-1.16,0.071,0.7,0.1,0,0,0,0.296,0.064,0.557,0.52,23314,0.238,0.418,-0.541,1963,0.549,0.752,1,0.857,0.676,4,0.522,1,Morocco,2020,no,0
584.314952044537,31178239,4.074,-1.21952292806746,11.8639361284365,0.0473545337657661,61.172,4,-0.07,MOZ,0.714,0.325,-0.17,-0.304,1.204,0.814,1.004,0.582,0.502,2.036,0.581,1.18,-0.458,0.18,-0.561,0.543,0.277,0.253,-0.771,1.255,-0.805,0.316,1.082,0.579,-0.717,0.515,-1.872,-0.364,-0.196,-0.263,0.643,100,0.244,0.548,0.237,1,0.48,1,1,0.713,0.643,6,6,0.489,0.305,0.466,1,1,0.084,0.345,1,-0.888,4,0.578,1.363,1.212,0,0.25,0.083,1,0,0.616,0.683,0.702,-0.767,16260,0.24,0.171,0.605,1959,0.677,0.671,1,0.507,0.538,7,0.528,1,Mozambique,2020,yes,220
1295.28701183634,53423198,1.48,-9.04834692403308,4.66301426840348,0.0259006705691479,66.797,6,0.444,MMR,0.712,0.334,0.905,0.75,-0.12,0.328,0.691,0.323,0.708,0.065,0.589,0.329,0.77,0.563,-1.08,0.748,0.33,-1.058,-0.57,0.648,-0.46,0.486,-1.484,0.543,1.024,0.353,-0.37,-1.028,0.292,0.82,0.751,100,0.354,0.527,0.253,1,0.592,1,1,0.372,0.285,0,0,0.644,0.663,0.46,1,0,0.183,-0.145,1,-0.808,7,1.102,-0.323,-1.511,0,0.25,0.417,0,0.333,0.7,0.416,0.351,-0.765,1515,0.273,0.28,1.139,1951,0.331,0.47,1,0.659,0.537,6,0.485,1,Myanmar (Burma),2020,yes,65
4152.1806478348,2489098,21.146,-8.1014007457625,1.93029383948291,0,62.829,4,1.657,NAM,0.837,2.029,2.395,2.363,1.994,1.298,1.663,0.321,0.425,2.31,1.02,0.859,0.805,0.65,-0.108,0.703,0.302,2.041,-1.05,1.384,0.361,0.328,0.846,0.491,0.217,1.843,-1.546,1.031,-0.45,0.452,0.851,100,0.478,0.887,0.381,1,0.72,1,1,0.388,0.406,6,6,0.889,1.009,0.789,2,1,0.461,1.36,1,1.068,4,0.712,2.421,1.776,0,0.143,0.214,1,0.667,0.414,1.389,0.864,-0.004,10886,0.527,1.291,2.477,1941,0.826,0.663,1,0.814,0.804,7,0.516,1,Namibia,2020,no,0
1018.10791289132,29348627,13.119,-2.3696206292072,0.522630900968538,0,69.246,6,0.77,NPL,0.709,1.34,0.838,0.64,1.034,0.32,1.566,0.661,0.407,1.277,1.265,1.211,1.24,0.629,-0.164,0.59,0.303,0.196,-1.273,1.148,-1.8,0.35,1.322,0.299,1.193,1.028,-1.388,-0.714,-0.438,1.614,0.834,100,0.385,0.745,0.378,1,0.27,1,1,0.652,0.607,0,0,0.74,0.978,0.69,2,0,0.384,0.788,0,-0.924,8,1.21,0.732,-1.405,0,0,0.188,0,1,0.38,0.95,0.716,-0.623,4234,0.465,1.132,1.167,1961,0.75,0.659,1,0.808,0.765,6,0.574,1,Nepal,2020,yes,37
46303.21886247,17441500,3.82,-3.88608391819609,0.0837440351956371,0.0111244987898519,81.3585365853659,5,2.018,NLD,0.932,1.801,2.501,2.244,1.618,2.651,1.784,0.015,0.021,1.754,1.328,1.368,2.986,0.965,2.124,0.958,0.942,3.09,1.717,3.069,-0.015,0.042,2.522,0.019,-1.128,2.231,-1.152,-3.165,-0.783,2.627,0.937,100,0.812,0.961,0.778,1,3.494,1,1,0.022,0.015,0,0,0.977,1.73,0.936,3,0,0.785,1.402,0,3.367,5,2.274,2.421,-0.274,0,0,0.056,0,1,0.016,1.412,0.908,2.274,27268,0.814,3.419,1.977,1967,0.872,0.822,1,0.967,0.958,4,0.906,1,Netherlands,2020,yes,37
39607.8789270066,5090200,4.6,-0.653921432098016,1.27246721100633,0.0439077405671644,82.2560975609756,5,2.578,NZL,0.896,2.543,3.251,2.933,0.702,2.732,1.885,0.008,0.067,2.456,2.127,1.063,2.119,0.965,2.334,0.837,0.936,2.54,2.317,1.988,1.707,0.044,2.049,0.097,-2.324,2.501,-1.747,-1.745,-1.735,1.937,0.982,100,0.76,0.969,0.792,1,3.144,1,1,0.005,0.015,0,0,0.988,1.77,0.94,3,0,0.827,1.393,0,2.417,5,2.113,2.772,1.396,0,0,0.071,0,0.667,0.032,2.054,0.921,1.318,46123,0.837,3.424,2.602,1954,0.955,0.701,1,0.955,0.948,1,0.885,1,New Zealand,2020,no,12
1904.27888558464,6755895,6.276,-1.7662584519904,1.65812864181366,0.0084343580954292,71.795,2,-2.108,NIC,0.5,-2.27,-1.171,-1.776,-0.861,1.293,1.78,0.939,0.818,-0.5,-1.436,-0.896,-0.935,0.223,-0.733,0.019,0.212,-0.918,-1.213,0.085,-1.384,0.603,-1.243,0.643,2.125,-1.328,1.487,1.292,-0.034,-2.483,0.083,100,0.03,0.184,0.109,1,-2.419,1,1,0.941,0.937,6,23,0.126,-0.744,0.755,1,1,0.014,0.123,1,-1.009,2,0.175,0.542,-1.353,0,0.188,0.062,1,0,0.862,-0.054,0.451,-0.499,460,0.048,-2.136,-1.52,1945,0.383,0.724,1,0.119,0.08,7,0.289,1,Nicaragua,2020,no,3
519.696077796015,24333639,0.657,3.55064109384932,5.56826403591678,0.393738499216623,61.451,4,1.525,NER,0.836,1.876,1.563,1.004,1.012,0.36,0.023,0.513,0.301,0.555,1.528,1.21,1.159,0.52,-1.814,0.935,0.311,0.331,-1.025,1.23,-0.576,0.294,1.925,0.328,-0.931,0.007,0.257,0.364,0.73,1.952,0.825,100,0.506,0.776,0.369,1,1.454,1,1,0.547,0.491,5,15,0.834,0.955,0.563,2,1,0.322,-0.075,1,1.082,4,1.713,0.974,0.592,0.062,0.375,0.062,1,0,0.292,0.906,0.694,-0.593,3190,0.396,1.379,0.627,1952,0.795,0.64,1,0.743,0.679,7,0.622,1,Niger,2020,yes,35
2401.1834151547,208327405,5.633,-1.79425308274458,5.07484002483035,3.31241719212516,52.887,4,0.863,NGA,0.881,2.395,-0.649,-0.717,1.584,0.909,1.897,0.911,0.57,1.599,0.593,0.933,-0.28,0.415,-0.886,0.614,0.227,1.37,-1.597,-0.533,-1.595,0.583,1.006,0.683,-0.816,-0.47,0.791,-0.7,1.815,1.162,0.902,100,0.355,0.653,0.296,1,0.48,1,1,0.91,0.899,6,9,0.304,0.895,0.733,2,1,0.285,1.266,1,0.615,4,0.88,1.092,0.294,0,0.167,0.056,1,0.667,0.732,1.504,0.813,-1.087,7521,0.362,-0.765,0.571,1942,0.788,0.855,1,0.728,0.624,7,0.476,1,Nigeria,2020,yes,478
5067.21588735157,2072531,16.55,-6.11088671102702,0.144963330218282,0,74.3951219512195,1,0.952,MKD,0.735,1.52,2.275,-0.14,1.381,1.4,1.784,0.671,0.116,1.213,0.729,0.934,0.788,0.657,-1.127,0.714,0.681,2.191,0.588,1.905,-1.637,0.173,1.232,0.196,1.207,1.397,-1.383,-0.801,-0.9,0.618,0.764,100,0.445,0.786,0.404,1,0.642,1,1,0.491,0.661,11,11,0.858,0.855,0.818,2,1,0.39,0.978,0,2.376,1,1.071,1.178,-1.304,0,0,0.111,0,0.667,0.311,0.11,0.806,0.985,10341,0.405,0.96,2.505,1963,0.788,0.818,1,0.675,0.632,7,0.627,1,North Macedonia,2020,no,0
75287.2059530897,5379475,4.42,-1.2781717845226,4.18128689630728,3.22981815901586,83.209756097561,5,2.71,NOR,0.949,3.195,3.237,3.23,0.355,2.133,1.4,0.006,0.017,1.609,2.963,2.188,3.417,0.964,2.126,0.988,0.987,3.017,3.475,3.321,0.899,0.019,3.104,0.014,-1.909,2.76,-1.957,-1.458,-2.166,2.834,0.913,100,0.87,0.957,0.858,1,2.34,1,1,0.014,0.012,0,0,0.987,1.901,0.928,3,0,0.837,0.041,0,3.453,5,3.224,2.688,0.443,0,0,0,0,1,0.013,2.52,0.83,1.984,27265,0.856,3.421,2.779,1937,0.701,0.846,1,0.935,0.965,4,0.971,1,Norway,2020,no,2
17662.242841682,4543399,2.94,-3.37971439992238,18.8866635649826,14.994277961787,74.757,3,-0.039,OMN,0.081,-0.681,1.327,0.963,0.759,0.68,2.045,0.262,0.545,-0.427,-1.198,0.501,1.002,0.685,0.678,0.15,0.88,0.697,1.59,-0.383,1.576,0.741,0.646,0.42,-2.795,-1.116,-1.592,0.233,-1.23,-0.532,0.299,100,0.058,0.614,0.186,1,1.141,1,1,0.328,0.333,0,0,0.725,-0.282,0.626,0,0,0,1.544,1,0.768,3,1.073,0.001,1.954,0.6,0.1,0,0,0,0.251,-1.732,0.47,0.206,98979,0.136,0.515,-1.094,1955,0.461,0.386,1,0.702,0.43,4,0.607,1,Oman,2020,no,0
1578.42963292881,227196741,6.215,-1.27408744338709,1.12387026995965,0.159470063577414,66.269,6,-0.837,PAK,0.775,-0.801,-0.093,-1.557,-0.138,1.091,0.885,0.826,0.272,0.791,-1.126,0.158,-0.551,0.342,-0.8,0.804,0.135,1.316,-1.856,1.338,-0.646,0.346,0.253,0.415,-0.675,1.674,-0.919,-0.576,-0.119,0.778,0.594,100,0.344,0.302,0.156,1,1.023,0,1,0.696,0.758,1,1,0.387,0.536,0.694,1,1,0.126,1.519,0,0.379,8,-0.758,-1.491,-1.306,0,0.389,0.278,0,0.667,0.217,0.727,0.413,1.033,4152,0.267,-0.644,-0.247,1949,0.361,0.587,1,0.308,0.589,6,0.279,1,Pakistan,2020,yes,294
2922.46801084844,4803269,25.89,-11.3184661065134,0,0,74.403,3,0.661,PSE,0.442,1.244,0.993,0.255,0.092,1.414,-0.747,0.321,0.579,-0.556,0.081,0.301,1.735,0,-0.139,0.628,0.638,-0.671,0.611,1.009,-1.651,0.482,1.166,0.431,-0.669,-0.342,-2.151,1.227,0.177,-0.916,0.702,100,0.223,0.727,0.215,0,-0.053,1,0,0.225,0.376,2,2,0.757,0.227,0.776,1,1,0,1.143,0.5,0.184,3,1.293,1.493,0.625,0,0.25,0.375,0.5,0.333,0.591,0.277,0.598,1.106,4582,0.163,1.13,0.885,1935,0.501,0.776,1,0.834,0.429,7,0.595,0,Palestinian Territories,2020,yes,61
2922.46801084844,4803269,25.89,-11.3184661065134,0,0,74.403,3,-0.671,PSG,0.247,-0.732,-0.753,-1.091,-2.163,1.449,-1.236,0.625,0.741,-0.569,-1.271,0.117,-0.572,0,0.135,0.2,0.676,-1.891,1.124,0.259,-1.275,0.774,1.104,0.472,0.555,-0.695,0.208,1.173,-0.708,-0.916,0.173,100,0.065,0.292,0.158,0,-1.754,0,0,0.452,0.713,0,0,0.189,-0.609,0.807,0,0,0,-0.367,1,-0.121,3,0.359,-0.185,1.059,0,0.125,0.188,0,0,0.931,0.211,0.346,0.57,4582,0.054,-1.726,-1.571,99,0.208,0.89,1,0.441,0.16,8,0.545,0,Palestinian Territories,2020,yes,42
12307.2592047015,4294396,14.183,-17.6683327218533,0.535097865738947,0,76.657,2,1.429,PAN,0.717,2.332,2.545,0.942,1.587,1.686,1.691,0.503,0.371,2.463,1.336,0.993,0.126,0.861,-0.279,0.75,0.506,1.617,-0.159,0.899,0.67,0.233,-0.463,0.445,-0.767,2.492,-2.118,-1.177,-1.012,0.647,0.825,100,0.566,0.848,0.45,1,0.886,1,1,0.419,0.502,8,24,0.922,1.181,0.794,2,1,0.591,-1.101,1,0.947,2,0.908,2.17,1.351,0,0,0.1,1,0.667,0.191,0.754,0.847,-0.197,9252,0.554,1.676,1.709,1953,0.789,0.7,1,0.72,0.725,7,0.539,1,Panama,2020,no,0
2455.14534207974,9749640,3.067,-3.16738117629639,11.9417254747487,0.709889074758713,65.787,6,0.206,PNG,0.8,1.465,1.502,-0.377,1.404,0.724,1.333,0.786,0.287,2.499,0.548,1.436,0.221,0.217,-2.158,0.531,0.198,2.08,-1.199,-0.751,0.714,0.827,1.204,0.733,-0.323,1.093,-1.965,-1.547,-1.535,0.401,0.844,100,0.27,0.725,0.234,1,0.844,1,1,0.726,0.807,0,0,0.799,0.764,0.648,1,0,0.148,1.409,0,1.33,9,0.79,1.711,-0.185,0,0,0.125,0,1,0.069,1.271,0.827,-2.392,16177,0.345,1.02,2.236,1961,0.85,0.692,1,0.645,0.726,1,0.436,1,Papua New Guinea,2020,no,0
6095.39137530699,6618695,7.55,-0.819785390971916,1.68263325547904,0.0299623174238903,73.182,2,0.44,PRY,0.708,1.794,1.542,0.096,1.279,1.376,0.839,0.763,0.724,1.685,0.242,-0.357,-0.61,0.624,-0.63,0.534,0.144,1.017,-1.808,-0.144,0.441,0.492,-0.881,0.652,-0.802,1.72,-1.063,1.537,-0.806,0.722,0.814,100,0.35,0.771,0.25,1,0.522,1,1,0.642,0.74,19,20,0.861,0.849,0.764,2,1,0.368,0.535,1,-1.295,2,0.131,2.297,0.138,0,0,0.125,1,1,0.503,0.017,0.778,-0.652,10055,0.424,1.704,1.165,1971,0.715,0.601,1,0.743,0.695,7,0.312,1,Paraguay,2020,yes,2
5754.31060852027,33304756,7.18,-10.8696407826493,3.97961448773443,0.104811146749273,73.665,2,0.992,PER,0.903,2.033,1.963,0.843,1.909,1.541,1.876,0.382,0.626,2.1,1.469,0.546,0.718,0.922,-0.313,0.717,0.377,2.276,-0.523,0.775,-0.433,0.392,0.092,0.471,0.619,1.521,-1.835,-1.931,-0.773,2.446,0.933,100,0.612,0.799,0.524,1,1.323,1,1,0.463,0.232,11,28,0.871,1.509,0.775,2,1,0.715,0.472,1,-0.494,2,1.242,2.207,-0.412,0,0.062,0,1,1,0.166,2.145,0.82,-0.074,6730,0.708,1.444,1.746,1944,0.64,0.813,1,0.59,0.863,7,0.569,1,Peru,2020,yes,2
3195.53888262264,112190977,2.52,-9.5182947406494,0.764112790267085,0.0120548345049257,72.119,6,-0.667,PHL,0.748,-0.063,-1.076,-0.708,0.135,1.279,1.816,0.674,0.39,0.591,-0.775,-0.554,0.977,0.455,-2.282,0.808,0.272,0.841,-0.934,1.431,-0.875,0.246,-0.054,0.685,-0.649,1.064,-1.992,-0.147,0.758,0.305,0.495,100,0.37,0.542,0.184,1,0.622,1,1,0.527,0.601,8,17,0.313,0.613,0.796,1,1,0.172,0.268,1,0.036,7,-0.754,0.74,-0.987,0,0.25,0,1,0,0.371,0.32,0.704,-0.62,12020,0.284,-0.271,0.215,1945,0.795,0.671,1,0.711,0.58,7,0.314,1,Philippines,2020,yes,294
14774.989199307,37899070,3.16,-2.02007073357655,0.535468929487005,0.0207199460419149,76.5,1,0.45,POL,0.646,0.563,1.789,0.963,1.667,2.212,1.549,0.086,0.089,1.53,0.96,1.374,0.98,0.754,2.113,0.589,0.816,2.009,1.982,2.018,-2.755,0.092,2.555,0.086,3.083,0.166,-0.254,-2.727,-0.053,0.856,0.841,100,0.397,0.835,0.525,1,0.372,1,1,0.137,0.103,13,13,0.904,0.839,0.882,2,1,0.418,1.571,0,2.112,1,2.046,1.409,0.185,0,0,0.286,0,1,0.173,0.615,0.848,1.192,8308,0.458,2.101,0.749,1972,0.788,0.782,1,0.731,0.713,7,0.853,1,Poland,2020,no,2
19802.2289134663,10297081,6.8,-8.3005165411776,0.200282467054982,0.023939484713493,80.9756097560976,5,1.831,PRT,0.925,2.397,2.406,1.224,1.878,2.734,2.021,0.127,0.082,2.542,2.485,1.682,3.054,0.966,2.264,0.913,0.929,3.334,2.069,1.779,0.446,0.074,2.077,0.14,-1.994,2.531,-1.723,-2.439,-0.49,1.948,0.984,100,0.81,0.921,0.783,1,1.515,1,1,0.117,0.129,10,17,0.905,1.731,0.939,3,1,0.827,0.666,0,2.5,5,1.603,1.853,0.232,0,0,0.071,0,0.667,0.054,3.135,0.936,1.214,15978,0.813,1.54,2.848,1948,0.942,0.802,1,0.868,0.911,7,0.872,1,Portugal,2020,no,1
58476.1994291413,2760385,0.14,-3.55760399909477,20.2259593186526,10.5957303632833,79.099,3,-0.098,QAT,0.047,-0.611,1.783,0.492,0.811,0.859,1.409,0.39,0.702,-0.039,-1.436,-1.879,0.122,0,1.439,0.355,0.909,-1.179,2.017,-0.474,3.885,0.559,-0.419,0.428,-2.135,-0.997,-1.608,-1.018,-3.271,-2.051,0.168,35,0.091,0.54,0.109,0,-1.25,1,1,0.437,0.452,0,0,0.838,-1.164,0.573,0,0,0,1.383,1,2.012,3,-0.76,-1.254,2.094,0.75,0.083,0,0,0,0.357,-1.924,0.326,0.335,8953,0.089,1.214,-0.483,1980,0.298,0.193,0,0.616,0.345,4,0.424,0,Qatar,2020,no,0
10898.9214214222,19265250,5.03,-3.67751079121797,0.508984051380759,0.18364537995674,74.2536585365854,1,0.286,ROU,0.913,1.936,3.159,0.782,0.982,2.18,1.94,0.282,0.124,2.158,1.243,1.519,1.128,0.902,0.569,0.497,0.586,1.873,0.67,2.429,-0.144,0.092,0.955,0.215,0.395,1.046,-2.319,-3.07,-0.14,0.507,0.904,100,0.47,0.85,0.6,1,0.931,1,1,0.355,0.227,15,15,0.945,1.224,0.911,2,1,0.689,0.182,0,1.32,1,1.915,1.597,-0.354,0,0,0.214,0,1,0.109,1.769,0.827,1.153,10250,0.672,1.634,2.045,1959,0.75,0.765,1,0.813,0.828,7,0.712,1,Romania,2020,no,0
9714.3837890625,144073139,5.59,-2.65365450102773,7.58812544004463,4.70777096931075,71.3387804878049,1,-0.601,RUS,0.282,-0.642,-1.15,-0.753,0.634,2.454,1.941,0.691,0.188,-0.657,-0.619,0.94,0.477,0.341,-1.822,0.303,0.734,0.118,1.142,1.455,0.788,0.264,0.97,0.424,1.161,-1.134,0.108,-0.469,-0.169,-0.992,0.598,100,0.124,0.465,0.201,1,-0.246,1,1,0.691,0.67,8,8,0.269,-0.254,0.922,1,1,0.032,0.038,1,1.635,1,0.189,-0.186,-1.173,0,0.042,0.042,1,0,0.285,-0.605,0.684,0.311,2858,0.104,-0.589,-0.568,1952,0.788,0.616,1,0.363,0.235,7,0.546,1,Russia,2020,no,12
821.733829520469,13146362,11.83,-3.37651719288358,4.10481845130795,0,66.774,4,0.527,RWA,0.137,-1.508,-1.809,0.253,-1.458,1.007,1.772,0.266,0.739,-1.044,-1.343,-0.479,1.368,0.364,-1.133,0.638,0.78,-0.233,1.273,2.153,2.876,0.123,1.3,0.778,0.802,-2.049,0.571,2.68,-1.667,-0.663,0.19,100,0.217,0.391,0.215,1,-0.799,1,1,0.365,0.279,3,8,0.111,-0.222,0.309,1,1,0.017,0.08,1,-0.036,4,0.654,0.537,0.962,0,0.111,0.056,1,0,0.732,-0.115,0.426,-1.241,9296,0.126,-1.676,-0.591,1957,0.7,0.839,1,0.543,0.333,7,0.629,1,Rwanda,2020,yes,1
18856.9138053997,35997107,7.45,-4.34138767799323,17.3184270283149,15.9789107766923,76.239,3,-0.727,SAU,0.09,-1.341,-1.145,-0.529,-1.109,-0.056,1.218,0.467,0.68,-1.533,-2.137,-1.311,0.218,0,0.593,0.281,0.862,1.353,2.089,-0.589,1.92,0.842,-1.744,0.523,-1.359,-2.063,-2.071,-0.981,-1.571,-2.405,0.169,0,0.071,0.189,0.114,0,1.283,1,1,0.535,0.6,0,0,0.174,-1.247,0.545,0,0,0,1.447,1,0.763,3,0.465,-2.897,1.189,0.583,0,0,0,0,0.113,-1.918,0.161,0.519,31875,0.046,-1.528,-1.062,1935,0.265,0.275,1,0.306,0.182,4,0.455,0,Saudi Arabia,2020,yes,60
1391.04695489716,16436120,3.339,1.34207377285524,2.86963190075436,0,68.006,4,2.447,SEN,0.912,2.689,1.992,0.846,1.579,1.382,1.477,0.34,0.271,1.577,1.634,2.073,0.954,0.78,0.698,0.81,0.561,1.969,0.179,0.441,0.398,0.322,1.863,0.299,-0.547,1.23,1.478,-0.485,0.203,0.853,0.886,100,0.606,0.881,0.555,1,1.835,1,1,0.303,0.295,13,13,0.888,1.256,0.775,2,1,0.604,1.427,1,1.192,4,1.579,1.373,0.905,0,0.357,0.071,1,0,0.308,2.899,0.834,0.612,7213,0.576,1.666,1.687,1961,0.862,0.714,1,0.85,0.751,7,0.715,1,Senegal,2020,no,0
6552.08439071824,6899126,9.01,-0.903218501520755,0.947608509343353,0.213906994350929,74.4780487804878,1,0.785,SRB,0.335,1.316,1.654,1.28,1.704,2.279,1.019,0.66,0.222,1.822,-0.101,0.702,-0.33,0.353,-0.53,0.454,0.81,1.128,1.947,1.515,-1.412,0.174,1.527,0.2,0.225,1.698,0.937,-1.034,0.235,-0.768,0.816,100,0.207,0.862,0.31,1,0.069,1,1,0.675,0.661,13,13,0.884,0.246,0.899,1,1,0.1,0.9,0,1.586,1,1.793,1.797,-0.185,0,0,0.143,0,0.667,0.233,-0.722,0.856,0.979,6174,0.251,1.894,0.523,1970,0.753,0.813,1,0.834,0.576,7,0.755,1,Serbia,2020,yes,0
608.338120204502,8233970,3.565,-1.96848689118619,8.22978194152241,0,59.763,4,1.257,SLE,0.849,1.521,1.14,1.382,1.266,0.611,1.115,0.587,0.348,2.226,0.968,1.524,2.578,0.506,0.524,0.948,0.498,0.872,-0.385,1.185,-0.641,0.345,0.781,0.427,-0.277,1.115,-0.12,1.241,-1.056,0.488,0.826,100,0.514,0.812,0.384,1,0.334,0,1,0.617,0.539,6,9,0.786,0.947,0.667,2,1,0.323,1.495,1,0.982,4,1.507,1.537,-1.235,0,0.125,0,1,0.333,0.596,0.92,0.801,-0.079,7966,0.417,1.305,2.077,1964,0.805,0.728,1,0.818,0.726,7,0.646,1,Sierra Leone,2020,no,0
59175.8110412137,5685807,4.1,-3.90105340221118,2.4207226855629e-4,0,84.4658536585366,6,2.126,SGP,0.298,0.104,2.951,2.781,1.12,0.965,1.81,0.006,0.116,0.362,-0.455,-0.404,1.098,0.765,-0.378,0.787,0.951,0.732,2.408,2.446,1.27,0.058,0.997,0.03,-0.59,-1.143,-1.6,0.3,-1.78,1.227,0.689,100,0.356,0.894,0.356,1,1.809,1,1,0.003,0.011,3,3,0.942,0.331,0.714,1,1,0.158,1.487,0,2.496,7,1.879,0.897,1.588,0,0,0.4,0,0,0.098,-0.966,0.721,2.823,19867,0.332,1.7,0.228,1954,0.88,0.348,0,0.91,0.724,7,0.78,1,Singapore,2020,no,0
17617.4487019749,5458827,6.72,-3.33549888710313,0.219233025168727,4.91874857273577e-4,76.8658536585366,1,1.633,SVK,0.939,2.212,2.115,1.733,1.273,2.652,1.818,0.231,0.098,2.347,1.663,1.347,1.555,0.933,1.435,0.778,0.785,3.05,0.92,2.869,-1.157,0.072,1.483,0.164,-0.229,2.187,-1.231,-1.907,-0.295,2.086,0.959,100,0.683,0.921,0.676,1,2.12,1,1,0.202,0.215,10,10,0.913,1.606,0.934,3,1,0.765,1.518,0,1.319,1,1.252,1.147,0.459,0,0,0,0,1,0.052,2.86,0.873,1.986,9861,0.776,1.965,1.657,1973,0.787,0.89,1,0.96,0.917,7,0.765,1,Slovakia,2020,no,0
22963.9334110233,2102419,4.99,-4.24088372175214,0.214171558575469,1.39101147863392e-5,80.5317073170732,1,1.496,SVN,0.791,1.543,2.908,1.921,1.126,2.852,1.227,0.304,0.116,2.254,0.581,1.467,0.525,0.937,1.896,0.739,0.783,0.966,1.594,2.243,-2.067,0.116,2.343,0.13,2.864,0.35,-0.66,-0.974,0.533,2.014,0.852,100,0.572,0.926,0.602,1,1.286,1,1,0.123,0.26,12,12,0.97,1.264,0.948,2,1,0.609,1.439,0,2.085,1,2.075,1.59,-1.122,0,0,0.167,0,0.667,0.163,1.826,0.836,1.731,10235,0.646,2.721,0.97,1963,0.634,0.853,1,0.939,0.869,7,0.797,1,Slovenia,2020,no,0
2079.56035409056,691191,0.891,-3.38111604772683,19.1938888891881,0,70.199,6,0.885,SLB,0.812,1.91,1.835,0.18,1.071,1.309,1.297,0.671,0.402,2.182,1.295,1.206,0.194,0.625,0.795,0.521,0.234,1.562,-0.859,-0.941,1.058,0.828,1.761,0.523,-1.064,1.184,-1.618,-2.066,-1.026,0.124,0.81,100,0.367,0.772,0.348,1,0.664,1,1,0.631,0.682,0,0,0.888,0.939,0.784,2,0,0.422,-2.165,0,-0.587,9,0.93,1.809,0.286,0,0.071,0.286,0,1,0.201,0.917,0.768,-0.989,914,0.467,1.777,1.892,1950,0.621,0.726,0,0.696,0.721,1,0.474,1,Solomon Islands,2020,no,0
511.898809393144,16537016,19.587,-2.55978883616278,11.455284804417,0,55.967,4,-0.69,SOM,0.741,-0.689,-1.489,-1.2,0.071,-0.418,-0.339,0.909,0.774,-0.804,-0.3,1.187,-0.34,0,-2.158,0.525,0.096,0.017,-1.8,-1.581,-0.935,0.955,-0.935,0.911,1.603,0.231,0.328,-1.607,-0.45,0.442,0.551,0.2,0.159,0.16,0.076,0,-0.86,0,1,0.905,0.846,0,2,0.191,0.075,0.294,0,0,0,-1.243,0,-0.922,4,-1.181,-2.157,-1.291,0,0.125,0.062,0,1,0.732,-0.12,0.195,-1.362,2689,0.1,-0.994,0.128,1962,0.248,0.305,1,0.145,0.309,6,0.219,0,Somalia,2020,yes,280
5748.89784492783,58801927,24.34,-5.96335818283997,4.01777511009808,0.213036196999097,65.252,4,1.011,ZAF,0.873,2.017,0.585,0.889,1.537,1.221,2.033,0.326,0.482,1.148,0.736,0.779,1.844,0.742,-0.513,0.898,0.374,2.697,-0.986,0.98,-0.828,0.369,1.263,0.461,0.172,2.104,-1.046,1.529,-0.574,1.184,0.844,100,0.614,0.836,0.469,1,0.82,1,1,0.551,0.363,0,0,0.806,1.187,0.774,2,0,0.532,1.518,1,-0.408,4,1.568,1.963,-2.019,0,0,0.286,0,0.333,0.339,0.991,0.788,-0.54,8365,0.575,2.041,1.226,1952,0.797,0.554,1,0.906,0.823,6,0.62,1,South Africa,2020,yes,17
31378.1579340648,51836239,3.93,-0.709415359397681,0.113270922936166,0.00898681274589818,83.4268292682927,6,1.969,KOR,0.963,1.571,2.669,1.872,1.486,2.106,1.922,0.081,0.026,2.483,2.399,2.626,1.746,0.957,2.232,0.928,0.953,1.767,2.419,2.049,-1.893,0.133,2.162,0.074,0.527,3.025,-0.078,-1.235,-1.248,3.083,0.912,100,0.787,0.959,0.753,1,1.598,1,1,0.048,0.065,12,13,0.973,1.688,0.82,3,1,0.778,0.985,1,2.963,6,1.602,2.681,-1.373,0,0,0.056,1,0,0.028,1.693,0.921,1.233,11751,0.797,3.023,2.609,1953,0.935,0.877,1,0.968,0.938,7,0.873,1,South Korea,2020,no,0
24829.6485910222,47365655,15.53,-11.1672978596983,0.0381216045324834,2.95734987987405e-4,82.3317073170732,5,2.805,ESP,0.881,2.365,3.118,2.363,1.843,3.011,1.882,0.026,0.035,2.689,1.93,2.617,1.725,0.973,1.901,0.881,0.917,1.537,2.278,3.103,-2.153,0.042,1.874,0.055,-0.108,2.052,-0.457,-1.688,0.066,0.938,0.883,100,0.775,0.971,0.796,1,2.28,1,1,0.021,0.022,0,0,0.978,1.655,0.956,3,0,0.807,1.743,0,1.771,5,2.538,1.259,-0.503,0,0,0.05,0,1,0.022,2.318,0.919,2.214,15000,0.793,2.886,2.871,1968,0.863,0.886,1,0.982,0.903,4,0.908,1,Spain,2020,yes,0
4229.74959441854,21919000,5.36,-4.62451581633715,0.0850400982115445,0,76.393,6,0.078,LKA,0.648,-0.171,0.47,-0.889,0.592,1.491,0.583,0.733,0.619,1.128,0.953,0.761,0.896,0.769,-0.594,0.467,0.763,1.053,0.875,1.51,-0.108,0.207,-0.614,0.516,0.915,0.269,-1.509,-0.029,0.285,-0.494,0.738,100,0.315,0.649,0.385,1,0.781,1,1,0.503,0.786,8,8,0.556,0.619,0.846,2,1,0.349,0.964,1,0.648,8,0.815,0.539,-0.274,0,0.083,0.083,1,0.667,0.569,0.584,0.78,0.03,9180,0.361,0.032,-0.461,1949,0.783,0.873,1,0.681,0.575,7,0.627,1,Sri Lanka,2020,yes,1
1828.15002441406,44440486,19.208,-3.62980082410752,9.29265238055366,1.87511902407651,65.614,4,-0.149,SDN,0.555,-0.627,-1.012,-0.042,-0.376,0.216,0.733,0.485,0.802,-0.364,0.08,-0.489,0.003,0,-0.207,0.5,0.193,-0.298,-1.647,-0.983,-1.86,0.833,0.247,0.791,0.229,-0.482,-1.134,0.186,0.129,-0.413,0.42,100,0.157,0.316,0.082,0,0.958,1,1,0.645,0.49,0,7,0.336,-0.045,0.493,0,0,0,0.937,0.5,-1.433,4,-0.47,-0.7,-1.439,0,0.125,0.042,0,0,0.701,1.16,0.3,-0.333,265,0.083,-0.136,0.744,99,0.336,0.311,1,0.345,0.233,8,0.23,0,Sudan,2020,yes,33
7275.36496442724,607065,8.739,-15.9751917148622,4.60122863820656,2.99417364471055,72.561,2,0.521,SUR,0.874,1.484,2.021,-0.096,1.725,0.946,1.731,0.201,0.476,2.405,1.994,0.859,1.171,0.858,1.309,0.721,0.736,1.086,0.782,0.782,0.404,0.273,0.786,0.429,-0.605,2.108,-1.065,1.205,-0.865,2.152,0.911,100,0.569,0.819,0.552,1,1.908,1,1,0.241,0.164,0,0,0.881,1.366,0.758,2,0,0.629,1.443,1,0.514,10,0.84,2.207,0.632,0,0.167,0,0,0.333,0.497,0.633,0.865,1.42,10333,0.64,1.5,1.88,1959,0.834,0.749,1,0.781,0.84,6,0.684,1,Suriname,2020,no,0
51952.6731328342,10353442,8.29,-2.17021317885872,0.370599691340783,0.0132039613355993,82.3560975609756,5,4.056,SWE,0.964,3.303,3.294,3.627,1.963,2.336,1.974,0.003,0.018,2.608,2.016,1.582,1.482,0.949,2.308,0.937,0.892,2.755,1.577,3.236,0.804,0.024,2.344,0.035,-1.918,2.358,-2.184,-2.315,-0.814,3.557,0.914,100,0.838,0.988,0.824,1,1.974,1,1,0.012,0.004,0,0,0.99,1.928,0.941,3,0,0.846,0.834,0,3.21,5,3.044,2.606,-0.371,0,0,0,0,1,0.017,2.011,0.947,1.617,36746,0.873,3.597,3.074,1946,0.896,0.954,1,0.977,0.98,4,0.914,1,Sweden,2020,yes,3
84637.0132313179,8638167,4.82,-2.14173720650054,0.00802785319765779,2.31251911067443e-4,83,5,3.313,CHE,0.944,3.008,3.093,3.526,1.128,2.613,1.885,0.013,0.03,1.79,3.714,2.285,1.554,0.943,1.484,0.979,0.967,3.056,3.246,3.047,-0.766,0.054,2.474,0.025,-1.516,2.051,-1.317,-2.173,-1.881,2.747,0.972,100,0.869,0.981,0.836,1,2.934,1,1,0.011,0.011,0,0,0.982,1.857,0.938,3,0,0.845,-1.236,1,3.115,5,2.649,1.742,0.393,0,0,0,0,0,0.011,3.061,0.91,1.803,17859,0.857,3.118,2.92,99,0.888,0.935,1,0.99,0.962,6,0.933,1,Switzerland,2020,yes,2
754.646328253181,20772595,15.279,-0.182330467026262,6.37482598047532,4.01504490668102,72.14,3,-1.786,SYR,0.078,-2.458,-2.428,-2.23,-1.589,0.44,-1.939,0.923,0.923,-1.961,-1.565,-2.676,-1.599,0,0.715,0.052,0.117,-2.466,-1.317,-0.035,-1.59,0.676,-2.09,0.639,3.097,-3.003,1.156,0.646,0.439,-1.094,0.042,100,0.025,0.051,0.059,0,-1.475,0,1,0.854,0.884,1,10,0.027,-1.28,0.466,0,0,0,-0.415,1,-0.574,3,0.514,-1.755,-1.885,0,0.25,0.188,1,0,0.864,-2.083,0.135,-0.787,17945,0.034,-3.174,-2.132,1965,0.098,0.635,1,0.036,0.085,7,0.175,0,Syria,2020,yes,256
1422.94882843561,218641,15.373,2.62485949543812,1.98018939747641,0,67.785,4,1.521,STP,0.654,1.843,2.273,1.811,2.151,1.822,1.638,0.317,0.443,1.539,1.891,1.678,1.34,0.847,1.121,0.748,0.574,1.029,0.239,0.481,1.325,0.37,1.486,0.502,-2.012,1.741,-1.799,-0.101,-2.334,2.399,0.909,100,0.533,0.922,0.5,1,1.084,1,1,0.376,0.37,9,9,0.958,1.172,0.828,2,1,0.532,0.442,0,-0.249,4,1.278,1.947,1.8,0,0.25,0,0,0.667,0.329,0.925,0.911,-0.72,10499,0.589,2.84,1.961,1942,0.913,0.907,1,0.779,0.848,7,0.68,1,São Tomé & Príncipe,2020,no,0
1197.21068286078,9543207,7.304,4.40000000058538,5.13513488386848,0.123761200414224,67.994,1,-1.933,TJK,0.145,-1.786,-1.351,-1.249,-0.5,0.549,0.825,0.861,0.875,-2.026,-1.365,-0.802,-1.383,0.091,0.479,0.133,0.291,-1.241,-0.526,-0.954,1.703,0.893,-0.013,0.949,-0.913,-1.985,1.055,0.136,-1.528,-2.267,0.095,100,0.052,0.176,0.07,1,-1.287,0,1,0.821,0.889,4,6,0.157,-0.973,0.476,1,1,0.002,-1.015,1,-0.333,1,-1.532,-1.989,0.252,0,0.1,0,1,0,0.792,-1.61,0.323,-1.735,9903,0.045,-1.532,-1.166,1952,0.505,0.732,1,0.125,0.105,7,0.189,1,Tajikistan,2020,no,0
1028.91186523438,61704518,2.78,1.99196460647855,3.85169508025186,0,66.408,4,1.244,TZA,0.693,0.859,0.928,1.018,0.486,0.841,1.741,0.231,0.204,0.687,0.486,1.648,0.533,0.412,-0.629,0.771,0.76,0.91,1.128,1.385,0.537,0.314,1.821,0.259,-0.761,0.109,1.492,1.03,-1.385,1.563,0.718,100,0.335,0.732,0.335,1,1.434,1,1,0.094,0.199,13,13,0.732,0.516,0.669,1,1,0.133,1.462,1,1.39,4,1.319,0.703,-0.665,0,0,0.083,1,0.333,0.41,-0.674,0.675,-0.098,20841,0.347,0.953,0.348,1959,0.7,0.785,1,0.717,0.802,7,0.775,1,Tanzania,2020,no,8
6048.10026947131,71475664,1.1,-6.0669259685517,1.1095683956846,0.173930820486899,79.274,6,-1.089,THA,0.542,-0.847,-0.839,-1.147,-0.193,1.077,1.594,0.808,0.529,0.935,0.61,-0.031,-0.78,0.139,-0.662,0.131,0.527,-0.857,0.06,1.905,-2.672,0.191,-0.644,0.483,1.933,-1.378,0.736,-0.148,2.755,1.08,0.165,99.42,0.056,0.313,0.157,1,-0.138,1,1,0.617,0.816,0,0,0.259,-0.128,0.632,0,0,0,0.26,0,0.123,7,-0.225,1.255,-1.038,0.1,0.3,0.4,0,0.667,0.548,-0.533,0.484,0.151,999,0.172,-0.986,-1.457,1952,0.428,0.372,1,0.349,0.535,4,0.483,1,Thailand,2020,yes,39
1986.88382500015,1299995,2.791,31.9619188685361,34.3932968859447,2.79171478872949,68.475,6,0.825,TLS,0.783,1.798,2.191,1.093,0.402,0.962,1.471,0.296,0.415,2.05,0.984,1.446,0.711,0.8,0.509,0.643,0.341,1.19,-0.631,0.007,-0.112,0.496,1.352,0.647,0.002,0.684,-1.83,-1.615,0.104,0.108,0.863,100,0.461,0.726,0.421,1,1.301,1,1,0.304,0.311,6,6,0.93,1.003,0.636,2,1,0.496,-0.634,0,0.024,7,1.123,1.222,0.858,0,0.167,0.167,0,0.333,0.374,0.259,0.666,-0.864,6434,0.483,2.267,2.314,1954,0.517,0.829,1,0.474,0.685,7,0.562,1,Timor-Leste,2020,no,0
830.047232447831,8442580,4.172,2.16228657424364,4.73168572169493,0,61.035,4,1.197,TGO,0.869,1.481,1.116,1.458,0.805,1.266,0.572,0.772,0.388,1.006,0.144,1.423,2.157,0.397,-0.479,0.783,0.696,0.504,1.737,0.748,-0.616,0.25,1.038,0.506,1.716,0.955,-0.28,0.163,1.45,-0.303,0.417,100,0.377,0.723,0.359,1,-0.659,1,1,0.713,0.767,8,11,0.746,0.408,0.747,1,1,0.207,-1.127,1,0.736,4,1.025,1.392,-0.317,0,0.286,0.071,1,0,0.616,1.518,0.803,-0.803,19345,0.258,0.885,0.364,1966,0.841,0.858,1,0.309,0.465,7,0.721,1,Togo,2020,no,0
14214.3868221212,1518147,4.21,-9.07789616880692,5.88215476519225,1.42924604742787,74.406,2,1.628,TTO,0.844,1.949,2.076,1.031,1.246,1.993,1.736,0.065,0.174,2.544,1.686,0.929,2.063,0.839,1.43,0.929,0.892,3.069,2.143,1.724,0.431,0.116,1.789,0.184,-1.98,2.005,-2.092,-0.78,-0.499,1.19,0.913,100,0.688,0.889,0.617,1,1.99,1,1,0.111,0.058,0,0,0.914,1.361,0.845,3,0,0.628,1.46,0,2.2,10,1.477,1.895,2.024,0,0,0.2,0,0.333,0.144,0.561,0.847,1.973,12066,0.646,1.989,2.079,1958,0.767,0.8,1,0.902,0.849,6,0.801,1,Trinidad & Tobago,2020,no,1
3699.28374051392,12161723,18.629,-8.81792562613296,1.46717230583582,0.916677526611502,75.292,3,0.573,TUN,0.894,0.744,1.304,1.413,1.351,1.954,0.745,0.239,0.254,0.487,1.555,1.748,2.458,0.799,1.497,0.922,0.695,2.613,0.836,1.171,-0.39,0.217,1.746,0.166,0.665,1.586,-0.265,-0.986,1.049,2.966,0.728,100,0.635,0.822,0.574,1,2.126,0,1,0.354,0.164,4,13,0.745,1.324,0.887,2,1,0.551,0.568,0,0.949,3,2.29,0.295,-2.012,0,0.062,0.062,0,1,0.153,1.273,0.803,0.834,2165,0.625,0.707,1.46,1958,0.838,0.808,1,0.89,0.893,7,0.806,1,Tunisia,2020,yes,5
12179.661169348,83384680,13.11,1.85983969001542,0.397202384078982,0.0612400945022421,75.85,3,-1.288,TUR,0.263,-1.913,0.597,-1.546,-1.115,0.909,1.513,0.846,0.767,-1.119,-1.091,0.68,-1.224,0.379,-1.57,0.17,0.615,0.24,0.382,0.166,-2.674,0.532,0.067,0.395,4.183,-1.32,1.194,-0.052,0.385,-1.016,0.19,100,0.089,0.33,0.222,1,-0.794,1,1,0.735,0.837,2,2,0.388,-0.251,0.631,1,1,0.04,0.384,1,0.514,3,0.609,-0.791,-2.075,0,0.077,0.115,1,0.333,0.781,-0.963,0.359,1.218,989,0.123,-1.346,-1.631,1954,0.48,0.63,1,0.532,0.273,7,0.585,1,Turkey,2020,yes,20
918.120097853815,44404611,3.812,2.95130642219563,7.56349041713714,0,62.851,4,0.518,UGA,0.743,0.158,-0.476,-0.3,0.598,-0.174,2.042,0.754,0.748,-0.221,-0.126,-0.478,0.926,0.144,-0.915,0.688,0.406,-0.249,-0.132,0.727,-0.133,0.385,-0.174,0.672,0.587,-1.44,1.12,1.039,-0.348,0.818,0.473,100,0.265,0.442,0.169,1,-0.059,1,1,0.795,0.751,5,5,0.277,0.151,0.481,1,1,0.043,1.524,1,-0.167,4,-0.183,0.888,0.098,0,0.278,0.111,1,0,0.607,0.886,0.51,-0.694,12392,0.221,-1.156,-1.227,1944,0.575,0.484,1,0.484,0.56,7,0.4,1,Uganda,2020,yes,5
2350.40014648438,44132049,9.48,-3.75280409994949,1.09312749593482,0.191284197093986,71.1851219512195,1,-0.528,UKR,0.806,0.606,1.171,-0.158,1.325,2.385,0.133,0.614,0.284,0.383,0.288,1.148,1.084,0.584,-0.825,0.777,0.717,0.54,1.257,2.414,-0.636,0.083,0.467,0.367,1.594,0.893,0.109,-1.48,-0.13,0.633,0.81,100,0.423,0.698,0.371,1,-1.153,0,1,0.598,0.533,13,13,0.745,0.658,0.903,2,1,0.302,-0.308,0.5,1.276,1,0.908,0.668,-1.611,0,0.075,0.1,0.5,0.667,0.251,0.45,0.797,1.295,2139,0.314,0.843,1.816,1978,0.847,0.712,1,0.622,0.515,7,0.65,1,Ukraine,2020,yes,38
41276.0555102387,9287289,4.29,-4.95705243652739,11.9722335248016,10.4940977026696,78.946,3,2.347,ARE,0.024,-0.677,1.46,1.257,0.189,0.121,1.915,0.133,0.7,-0.035,-2.61,-0.626,0.346,0.514,-0.489,0.297,0.913,-0.743,1.937,1.732,2.12,0.35,-0.571,0.371,-1.84,-0.504,-1.864,-0.618,-2.547,-0.856,0.393,36,0.086,0.571,0.141,1,1.971,1,1,0.111,0.225,0,0,0.743,-0.677,0.403,0,0,0,1.398,0,2.013,3,0.155,0.688,1.821,0.375,0.25,0.125,0,0,0.561,-1.957,0.316,1.55,17561,0.089,0.55,-1.495,1948,0.217,0.268,1,0.484,0.315,3,0.511,1,United Arab Emirates,2020,no,0
42191.9173665785,67081234,4.472,-10.3599008187799,0.28397504842807,0.240228124941138,80.3512195121951,5,2.09,GBR,0.936,2.147,2.309,3.365,0.667,1.944,1.894,0.056,0.133,1.699,2.652,1.675,1.259,0.95,1.907,0.858,0.875,1.279,1.572,1.658,-0.952,0.164,1.198,0.207,0.073,1.606,-1.665,-2.27,-0.87,2.496,0.971,100,0.76,0.92,0.744,1,1.578,1,1,0.019,0.058,0,0,0.923,1.726,0.858,3,0,0.805,1.211,0,1.598,5,1.843,2.038,-0.795,0,0,0.167,0,1,0.093,2.049,0.822,0.981,37218,0.808,2,2.195,1926,0.806,0.803,1,0.923,0.928,4,0.834,1,United Kingdom,2020,yes,90
58451.6067152443,331511512,8.05,-2.76780251140578,0.329505971924439,0.187625106322478,76.9804878048781,5,1.924,USA,0.848,3.047,2.275,1.872,1.326,2.704,2.113,0.058,0.143,1.593,1.359,1.668,1.168,0.834,0.101,0.685,0.604,2.444,0.84,2.448,-1.674,0.059,0.62,0.129,2.114,1.156,0.434,-1.39,0.122,2.708,0.913,100,0.589,0.917,0.617,1,0.613,1,1,0.091,0.055,31,31,0.873,1.446,0.918,3,1,0.694,1.04,1,2.081,5,1.783,1.984,-1.049,0,0,0,1,0,0.02,1.672,0.898,2.034,20270,0.721,1.174,1.931,1946,0.897,0.86,1,0.914,0.908,7,0.735,1,United States,2020,yes,103
16459.9779829861,3429086,10.33,-6.26297681887324,2.29343009292959,0.00396420911308914,78.43,2,2.663,URY,0.845,3.613,3.182,2.06,1.537,2.036,2.087,0.037,0.036,2.654,2.864,2.086,1.773,0.946,1.796,0.858,0.913,2.889,1.761,1.891,0.348,0.12,2.272,0.086,-1.905,2.263,-2.143,-1.666,-2.206,1.955,0.974,100,0.746,0.955,0.747,1,2.579,1,1,0.126,0.065,12,25,0.977,1.653,0.885,3,1,0.784,1.696,1,3.182,2,1.777,2.172,0.79,0,0.214,0.071,1,0,0.017,1.993,0.914,2.233,12723,0.794,2.776,1.339,1973,0.885,0.879,1,0.927,0.928,7,0.859,1,Uruguay,2020,no,0
3187.04897358641,34232050,5.29,1.995585081437,9.08357795040879,0.395640310697318,70.331,1,0.173,UZB,0.226,-0.746,0.462,0.001,-0.212,0.986,1.494,0.707,0.485,-1.173,-0.913,-0.979,-0.63,0.267,1.718,0.544,0.546,0.113,0.68,0.563,0.976,0.411,0.515,0.463,-1.315,-0.711,-0.817,0.047,-1.682,-1.097,0.453,100,0.181,0.446,0.159,1,-0.581,0,1,0.835,0.685,5,5,0.514,-0.511,0.642,1,1,0.008,0.506,1,0.911,1,0.413,-0.355,1.416,0,0.1,0,1,0,0.318,-1.14,0.343,-0.586,10232,0.087,-0.27,-0.756,1957,0.429,0.306,1,0.523,0.222,7,0.467,1,Uzbekistan,2020,no,0
2634.24388390429,311685,4.05,-4.99249142889525,0.629507608350041,0,70.299,6,1.181,VUT,0.891,2.207,2.752,1.278,1.369,0.938,1.061,0.375,0.173,1.902,0.927,1.708,0.745,0.837,2.063,0.783,0.69,2.428,1.478,1.11,0.9,0.424,1.757,0.422,-2.225,2.18,-1.625,-1.346,-2.55,1.238,0.819,100,0.591,0.843,0.567,1,0.399,1,1,0.369,0.402,0,0,0.919,1.322,0.727,2,0,0.606,-0.354,0,1.698,9,1.533,1.903,2.168,0,0.1,0.3,0,1,0.14,1.172,0.797,0.167,14398,0.633,1.468,3.024,1954,0.716,0.768,1,0.822,0.848,6,0.733,1,Vanuatu,2020,no,0
3352.06001102928,96648685,2.1,2.86541320912272,1.8108819584417,0.242642397619719,75.378,6,-0.51,VNM,0.065,-0.948,0.781,-0.558,0.073,1.09,1.701,0.308,0.345,-1.426,-1.008,-0.064,1.22,0.5,-0.92,0.611,0.818,-1.222,1.599,1.142,2.045,0.297,0.714,0.331,-0.185,-0.484,0.815,2.024,-0.635,-1.151,0.398,100,0.181,0.454,0.2,1,0.528,1,1,0.472,0.23,0,0,0.618,-0.391,0.653,0,0,0,0.099,0,0.767,7,0.617,-0.898,0.341,0,0,0.917,0,0.333,0.427,-1.36,0.478,0.233,15887,0.097,0.203,-0.776,1944,0.718,0.512,1,0.348,0.307,6,0.68,1,Vietnam,2020,no,0
1237.28330318262,18927715,6.03,-2.78505506545167,16.2222307618142,0,62.38,4,0.204,ZMB,0.704,0.464,0.324,-0.024,1.741,0.974,1.66,0.408,0.745,0.234,0.212,0.966,0.08,0.198,-2.133,0.663,0.254,0.337,-0.917,0.412,-1.743,0.373,0.823,0.654,0.841,-1.275,0.206,0.928,-0.357,1.996,0.632,100,0.269,0.574,0.178,1,0.368,0,1,0.624,0.46,12,13,0.505,0.395,0.663,1,1,0.067,1.309,1,-0.257,4,-0.698,0.705,-0.24,0,0.375,0.25,1,0.667,0.696,1.478,0.749,-1.125,8629,0.266,-0.199,0.261,1956,0.838,0.645,1,0.349,0.653,7,0.393,1,Zambia,2020,yes,0
1213.11705739259,15669666,8.651,-7.81695061846828,4.74666809490234,0.0291292966776496,61.124,4,-0.955,ZWE,0.702,-0.945,-1.35,-0.966,1.32,1.112,1.603,0.798,0.628,-0.286,-0.472,-0.641,0.425,0.172,-1.711,0.524,0.452,-0.45,1.674,1.177,-2.125,0.38,1.609,0.408,2.999,-0.362,0.646,2.246,0.758,-0.376,0.222,100,0.205,0.51,0.203,1,-0.868,1,1,0.797,0.778,7,7,0.11,0.061,0.678,1,1,0.04,-0.021,1,-0.613,4,1.572,1.77,-1.063,0.071,0.357,0.286,1,0.333,0.797,-0.64,0.735,-0.604,777,0.196,-2.15,-1.033,1942,0.77,0.803,1,0.766,0.499,7,0.516,1,Zimbabwe,2020,no,1
